accession	strain	submitter	source
GCA_021292855.1	strain=IMAU40133 	 Key Laboratory of Dairy Biotechnology and Engineering, Education Ministry of P. R. China	ncbi
GCA_000017965.1	strain=C3-41	Wuhan Institute of Virology, Chinese Academy of Sciences	ncbi
GCA_021297595.1	strain=IMAU80842 	 Key Laboratory of Dairy Biotechnology and Engineering, Education Ministry of P. R. China	ncbi
GCA_000019245.3	strain=Zhang	The Key Laboratory of Dairy Biotechnology and Bioengineering, Education Ministry of P. R. China, Department of Food Science and Engineering, Inner Mongolia Agricultural University, China	ncbi
GCA_021297695.1	strain=IMAU80809 	 Key Laboratory of Dairy Biotechnology and Engineering, Education Ministry of P. R. China	ncbi
GCA_000092765.1	strain=V9	The Key Laboratory of Dairy Biotechnology and Bioengineering, Education Ministry of P. R. China, Department of Food Science and Engineering, Inner Mongolia Agricultural University, China	ncbi
GCA_021560135.1	strain=W2 	 Ocean University of China	ncbi
GCA_000166315.1	strain=BBMN68	Key Lab of Functional Dairy Science of Chinese Ministry of Education, College of Food Science and Nutritional Engineering, China Agricultural University	ncbi
GCA_023612195.1	strain=M4 	 South China University of Technology	ncbi
GCA_025631195.1	strain=L1 	 Chinese Academy of Sciences	ncbi
GCA_000182835.1	strain=ND02	The Key Laboratory of Dairy Biotechnology and Bioengineering, Education Ministry of P. R. China, Department of Food Science and Engineering, Inner Mongolia Agricultural University, China	ncbi
GCA_028369155.1	strain=CML393 	 China Agricultural University	ncbi
GCA_000182875.1	strain=ND03	The Key Laboratory of Dairy Biotechnology and Bioengineering, Education Ministry of P. R. China, Department of Food Science and Engineering, Inner Mongolia Agricultural University, China	ncbi
GCA_029541965.1	strain=Bi-OTA128 	 China Agricultural University	ncbi
GCA_000189515.1	strain=H10	The Key Laboratory of Dairy Biotechnology and Bioengineering, Education Ministry of P. R. China, Department of Food Science and Engineering, Inner Mongolia Agricultural University, China	ncbi
GCA_036880975.1	strain=Lp20 	 China Agricultural University	ncbi
Bifidobacterium_animalis_Probio-M8	Probio-M8	Key Laboratory	keylab
Bifidobacterium_animalis_subsp._lactis_V9	V9	Key Laboratory	keylab
Bifidobacterium_animalis_subsp._lactis__BB-69	BB-69	Key Laboratory	keylab
Bifidobacterium_animalis_subsp._lactis__Bbm-19	Bbm-19	Key Laboratory	keylab
Bifidobacterium_breve_BX-18	BX-18	Key Laboratory	keylab
Bifidobacterium_infantis_B8762	B8762	Key Laboratory	keylab
Lacticaseibacillus_casei_Zhang	Zhang	Key Laboratory	keylab
Lacticaseibacillus_paracasei_PC-01	PC-01	Key Laboratory	keylab
Lacticaseibacillus_rhamnosus_Probio-M9	Probio-M9	Key Laboratory	keylab
Lactiplantibacillus_plantarum_P-8	P-8	Key Laboratory	keylab
Lactiplantibacillus_plantarum_P9	P9	Key Laboratory	keylab
Lactobacillus_acidophilus_LA-06	LA-06	Key Laboratory	keylab
Limosilactobacillus_fermentum_UP-1	UP-1	Key Laboratory	keylab
GCA_000191165.1	strain=2038	Chinese National HGC	ncbi
GCA_000192705.1	strain=CV56	Institute of Microbiology, Chinese Academy of Sciences	ncbi
GCA_000194765.1	strain=BD-II	State Key Laboratory of Dairy Biotechnology, Technology Center of Bright Dairy & Food Co., Ltd,China	ncbi
GCA_000194785.1	strain=LC2W	State Key Laboratory of Dairy Biotechnology, Technology Center of Bright Dairy & Food Co., Ltd,China	ncbi
GCA_000226235.1	strain=CASL	The Institute of Microbiology, Chinese Academy of Sciences	ncbi
GCA_000392485.2	strain=plantarum	The Key Laboratory of Dairy Biotechnology and Bioengineering, Education Ministry of P. R. China, Department of Food Science and Engineering, Inner Mongolia Agricultural University, China	ncbi
GCA_000397165.1	strain=F-6	The Key Laboratory of Dairy Biotechnology and Bioengineering, Education Ministry of P. R. China, Department of Food Science and Engineering, Inner Mongolia Agricultural University, China	ncbi
GCA_000410995.1	strain=I5007	China Agricultural University	ncbi
GCA_000525715.1	strain=H9	The Key Laboratory of Dairy Biotechnology and Bioengineering, Education Ministry of P. R. China, Department of Food Science and Engineering, Inner Mongolia Agricultural University, China	ncbi
GCA_000695895.1	strain=RH	China Agricultural University	ncbi
GCA_000764285.1	strain=FMNP01	South China Agricultural University	ncbi
GCA_000816205.1	strain=KLDS2.0603	Northeast Agricultural University in People's Republic of China	ncbi
GCA_000817045.1	strain=A6	China Agricultural University	ncbi
GCA_000817995.1	strain=BBMN23	China Agricultural University	ncbi
GCA_001191565.1	strain=CAUH35	China Agricultural University	ncbi
GCA_001244395.1	strain=L9	China Agricultural University	ncbi
GCA_001278015.1	strain=5-2	Chinese National Human Genome Center at Shanghai	ncbi
GCA_001308285.1	strain=CAUH18	China Agricultural University	ncbi
GCA_001514435.1	strain=S9	China Agricultural University	ncbi
GCA_001617525.2	strain=CAUH2	China Agricultural University	ncbi
GCA_001685375.1	strain=CS8	China Agricultural University	ncbi
GCA_002075105.1	strain=L6	South China University of Technology	ncbi
GCA_002205775.2	strain=LPL-1	China Agricultural University	ncbi
GCA_002946455.1	strain=R11	South China Agricultural University	ncbi
GCA_002960215.1	strain=SCT-10-10-60	Guangxi Academy of Sciences, China	ncbi
GCA_003433395.1	strain=ATCC 11443	Guangxi Academy of Sciences, China	ncbi
GCA_003709415.1	strain=NF92	Chinese Academy of Sciences	ncbi
GCA_003999605.1	strain=Q7	Ocean University of China	ncbi
GCA_004135895.1	strain=01	China Agricultural University	ncbi
GCA_011022295.1	strain=X7022	East China University of Science and Technology	ncbi
GCA_013167115.1	strain=LV108	Uni-enterprise (China) Holding, Ltd.	ncbi
GCA_013867595.1	strain=s-16	China Center of Industrial Culture Collection	ncbi
GCA_021199095.1	strain=GUANKE	China CDC	ncbi
GCA_021292855.1	strain=IMAU40133	Key Laboratory of Dairy Biotechnology and Engineering, Education Ministry of P. R. China	ncbi
GCA_021297595.1	strain=IMAU80842	Key Laboratory of Dairy Biotechnology and Engineering, Education Ministry of P. R. China	ncbi
GCA_021297695.1	strain=IMAU80809	Key Laboratory of Dairy Biotechnology and Engineering, Education Ministry of P. R. China	ncbi
GCA_021560135.1	strain=W2	Ocean University of China	ncbi
GCA_023612195.1	strain=M4	South China University of Technology	ncbi
GCA_025631195.1	strain=L1	Chinese Academy of Sciences	ncbi
GCA_028369155.1	strain=CML393	China Agricultural University	ncbi
GCA_029541965.1	strain=Bi-OTA128	China Agricultural University	ncbi
GCA_036880975.1	strain=Lp20	China Agricultural University	ncbi
Bifidobacterium_animalis_Probio-M8	Probio-M8	Key Laboratory	keylab
Bifidobacterium_animalis_subsp._lactis_V9	V9	Key Laboratory	keylab
Bifidobacterium_animalis_subsp._lactis__BB-69	BB-69	Key Laboratory	keylab
Bifidobacterium_animalis_subsp._lactis__Bbm-19	Bbm-19	Key Laboratory	keylab
Bifidobacterium_breve_BX-18	BX-18	Key Laboratory	keylab
Bifidobacterium_infantis_B8762	B8762	Key Laboratory	keylab
Lacticaseibacillus_casei_Zhang	Zhang	Key Laboratory	keylab
Lacticaseibacillus_paracasei_PC-01	PC-01	Key Laboratory	keylab
Lacticaseibacillus_rhamnosus_Probio-M9	Probio-M9	Key Laboratory	keylab
Lactiplantibacillus_plantarum_P-8	P-8	Key Laboratory	keylab
Lactiplantibacillus_plantarum_P9	P9	Key Laboratory	keylab
Lactobacillus_acidophilus_LA-06	LA-06	Key Laboratory	keylab
Limosilactobacillus_fermentum_UP-1	UP-1	Key Laboratory	keylab
