strain_entity_id,nearclone_block,original_outer_fold,formal_fold,role,A2_eligible
STRAIN_000001,NC_0022,3,5,INNER_TRAIN,True
STRAIN_000002,NC_0017,1,5,INNER_TRAIN,True
STRAIN_000004,NC_0064,4,5,INNER_TRAIN,True
STRAIN_000005,NC_0064,4,5,INNER_TRAIN,True
STRAIN_000006,NC_0108,5,5,OUTER_TEST,True
STRAIN_000007,NC_0018,5,5,OUTER_TEST,True
STRAIN_000008,NC_0018,5,5,OUTER_TEST,True
STRAIN_000009,NC_0018,5,5,OUTER_TEST,True
STRAIN_000010,NC_0018,5,5,OUTER_TEST,True
STRAIN_000011,NC_0018,5,5,OUTER_TEST,True
STRAIN_000013,NC_0035,4,5,INNER_TRAIN,True
STRAIN_000014,NC_0035,4,5,INNER_TRAIN,True
STRAIN_000015,NC_0036,1,5,INNER_TRAIN,True
STRAIN_000016,NC_0023,4,5,INNER_VAL,True
STRAIN_000017,NC_0002,4,5,INNER_TRAIN,True
STRAIN_000018,NC_0027,5,5,OUTER_TEST,True
STRAIN_000019,NC_0027,5,5,OUTER_TEST,True
STRAIN_000020,NC_0027,5,5,OUTER_TEST,True
STRAIN_000021,NC_0027,5,5,OUTER_TEST,True
STRAIN_000022,NC_0035,4,5,INNER_TRAIN,True
STRAIN_000023,NC_0109,5,5,OUTER_TEST,True
STRAIN_000024,NC_0110,5,5,OUTER_TEST,True
STRAIN_000025,NC_0008,2,5,INNER_TRAIN,True
STRAIN_000026,NC_0011,2,5,INNER_VAL,True
STRAIN_000027,NC_0011,2,5,INNER_VAL,True
STRAIN_000028,NC_0111,4,5,INNER_TRAIN,True
STRAIN_000029,NC_0002,4,5,INNER_TRAIN,True
STRAIN_000030,NC_0045,4,5,INNER_VAL,True
STRAIN_000031,NC_0112,3,5,INNER_TRAIN,True
STRAIN_000033,NC_0065,1,5,INNER_TRAIN,True
STRAIN_000034,NC_0114,4,5,INNER_TRAIN,True
STRAIN_000035,NC_0066,4,5,INNER_TRAIN,True
STRAIN_000036,NC_0067,5,5,OUTER_TEST,True
STRAIN_000037,NC_0046,4,5,INNER_TRAIN,True
STRAIN_000038,NC_0006,5,5,OUTER_TEST,True
STRAIN_000039,NC_0009,5,5,OUTER_TEST,True
STRAIN_000040,NC_0115,3,5,INNER_TRAIN,True
STRAIN_000041,NC_0009,5,5,OUTER_TEST,True
STRAIN_000042,NC_0009,5,5,OUTER_TEST,True
STRAIN_000044,NC_0117,3,5,INNER_TRAIN,True
STRAIN_000045,NC_0011,2,5,INNER_VAL,True
STRAIN_000046,NC_0011,2,5,INNER_VAL,True
STRAIN_000047,NC_0011,2,5,INNER_VAL,True
STRAIN_000048,NC_0045,4,5,INNER_VAL,True
STRAIN_000049,NC_0011,2,5,INNER_VAL,True
STRAIN_000050,NC_0011,2,5,INNER_VAL,True
STRAIN_000051,NC_0011,2,5,INNER_VAL,True
STRAIN_000052,NC_0011,2,5,INNER_VAL,True
STRAIN_000053,NC_0011,2,5,INNER_VAL,True
STRAIN_000054,NC_0011,2,5,INNER_VAL,True
STRAIN_000055,NC_0011,2,5,INNER_VAL,True
STRAIN_000056,NC_0005,5,5,OUTER_TEST,True
STRAIN_000057,NC_0118,5,5,OUTER_TEST,True
STRAIN_000060,NC_0008,2,5,INNER_TRAIN,True
STRAIN_000062,NC_0037,5,5,OUTER_TEST,True
STRAIN_000063,NC_0002,4,5,INNER_TRAIN,True
STRAIN_000064,NC_0122,5,5,OUTER_TEST,True
STRAIN_000066,NC_0008,2,5,INNER_TRAIN,True
STRAIN_000070,NC_0068,1,5,INNER_TRAIN,True
STRAIN_000071,NC_0124,4,5,INNER_TRAIN,True
STRAIN_000072,NC_0125,5,5,OUTER_TEST,True
STRAIN_000073,NC_0126,2,5,INNER_TRAIN,True
STRAIN_000075,NC_0128,1,5,INNER_TRAIN,True
STRAIN_000077,NC_0070,4,5,INNER_TRAIN,True
STRAIN_000078,NC_0047,2,5,INNER_TRAIN,True
STRAIN_000079,NC_0129,5,5,OUTER_TEST,True
STRAIN_000080,NC_0130,4,5,INNER_VAL,True
STRAIN_000081,NC_0048,5,5,OUTER_TEST,True
STRAIN_000083,NC_0132,3,5,INNER_TRAIN,True
STRAIN_000086,NC_0135,5,5,OUTER_TEST,True
STRAIN_000090,NC_0015,3,5,INNER_TRAIN,True
STRAIN_000091,NC_0005,5,5,OUTER_TEST,True
STRAIN_000092,NC_0006,5,5,OUTER_TEST,True
STRAIN_000095,NC_0141,3,5,INNER_TRAIN,True
STRAIN_000096,NC_0142,5,5,OUTER_TEST,True
STRAIN_000097,NC_0143,4,5,INNER_TRAIN,True
STRAIN_000098,NC_0016,4,5,INNER_TRAIN,True
STRAIN_000099,NC_0144,3,5,INNER_TRAIN,True
STRAIN_000100,NC_0145,2,5,INNER_TRAIN,True
STRAIN_000101,NC_0146,2,5,INNER_TRAIN,True
STRAIN_000102,NC_0147,5,5,OUTER_TEST,True
STRAIN_000103,NC_0148,4,5,INNER_TRAIN,True
STRAIN_000104,NC_0012,4,5,INNER_TRAIN,True
STRAIN_000105,NC_0048,5,5,OUTER_TEST,True
STRAIN_000106,NC_0149,3,5,INNER_TRAIN,True
STRAIN_000107,NC_0024,4,5,INNER_TRAIN,True
STRAIN_000108,NC_0028,3,5,INNER_TRAIN,True
STRAIN_000109,NC_0150,2,5,INNER_VAL,True
STRAIN_000110,NC_0151,3,5,INNER_TRAIN,True
STRAIN_000111,NC_0152,5,5,OUTER_TEST,True
STRAIN_000112,NC_0015,3,5,INNER_TRAIN,True
STRAIN_000113,NC_0153,1,5,INNER_TRAIN,True
STRAIN_000114,NC_0029,1,5,INNER_TRAIN,True
STRAIN_000115,NC_0029,1,5,INNER_TRAIN,True
STRAIN_000116,NC_0154,5,5,OUTER_TEST,True
STRAIN_000117,NC_0155,5,5,OUTER_TEST,True
STRAIN_000118,NC_0156,1,5,INNER_TRAIN,True
STRAIN_000119,NC_0157,1,5,INNER_TRAIN,True
STRAIN_000120,NC_0158,4,5,INNER_TRAIN,True
STRAIN_000121,NC_0159,4,5,INNER_TRAIN,True
STRAIN_000122,NC_0030,4,5,INNER_TRAIN,True
STRAIN_000123,NC_0007,4,5,INNER_TRAIN,True
STRAIN_000124,NC_0160,3,5,INNER_VAL,True
STRAIN_000125,NC_0071,1,5,INNER_TRAIN,True
STRAIN_000126,NC_0072,2,5,INNER_TRAIN,True
STRAIN_000127,NC_0161,3,5,INNER_TRAIN,True
STRAIN_000128,NC_0162,2,5,INNER_TRAIN,True
STRAIN_000129,NC_0024,4,5,INNER_TRAIN,True
STRAIN_000130,NC_0163,1,5,INNER_VAL,True
STRAIN_000131,NC_0164,3,5,INNER_VAL,True
STRAIN_000132,NC_0049,4,5,INNER_TRAIN,True
STRAIN_000133,NC_0165,3,5,INNER_VAL,True
STRAIN_000134,NC_0166,1,5,INNER_TRAIN,True
STRAIN_000135,NC_0018,5,5,OUTER_TEST,True
STRAIN_000136,NC_0167,2,5,INNER_VAL,True
STRAIN_000137,NC_0004,2,5,INNER_TRAIN,True
STRAIN_000138,NC_0004,2,5,INNER_TRAIN,True
STRAIN_000139,NC_0004,2,5,INNER_TRAIN,True
STRAIN_000140,NC_0008,2,5,INNER_TRAIN,True
STRAIN_000141,NC_0168,2,5,INNER_TRAIN,True
STRAIN_000142,NC_0169,1,5,INNER_TRAIN,True
STRAIN_000143,NC_0073,1,5,INNER_TRAIN,True
STRAIN_000144,NC_0074,2,5,INNER_TRAIN,True
STRAIN_000145,NC_0004,2,5,INNER_TRAIN,True
STRAIN_000146,NC_0170,5,5,OUTER_TEST,True
STRAIN_000147,NC_0171,5,5,OUTER_TEST,True
STRAIN_000148,NC_0172,5,5,OUTER_TEST,True
STRAIN_000149,NC_0013,1,5,INNER_TRAIN,True
STRAIN_000150,NC_0015,3,5,INNER_TRAIN,True
STRAIN_000151,NC_0005,5,5,OUTER_TEST,True
STRAIN_000152,NC_0173,1,5,INNER_TRAIN,True
STRAIN_000153,NC_0174,1,5,INNER_TRAIN,True
STRAIN_000154,NC_0175,4,5,INNER_TRAIN,True
STRAIN_000155,NC_0176,3,5,INNER_TRAIN,True
STRAIN_000156,NC_0004,2,5,INNER_TRAIN,True
STRAIN_000157,NC_0048,5,5,OUTER_TEST,True
STRAIN_000158,NC_0177,1,5,INNER_TRAIN,True
STRAIN_000159,NC_0003,3,5,INNER_TRAIN,True
STRAIN_000160,NC_0178,2,5,INNER_TRAIN,True
STRAIN_000161,NC_0179,1,5,INNER_TRAIN,True
STRAIN_000162,NC_0001,1,5,INNER_TRAIN,True
STRAIN_000163,NC_0180,3,5,INNER_TRAIN,True
STRAIN_000164,NC_0181,1,5,INNER_TRAIN,True
STRAIN_000165,NC_0012,4,5,INNER_TRAIN,True
STRAIN_000166,NC_0012,4,5,INNER_TRAIN,True
STRAIN_000167,NC_0182,5,5,OUTER_TEST,True
STRAIN_000168,NC_0075,4,5,INNER_TRAIN,True
STRAIN_000169,NC_0037,5,5,OUTER_TEST,True
STRAIN_000170,NC_0028,3,5,INNER_TRAIN,True
STRAIN_000171,NC_0183,2,5,INNER_TRAIN,True
STRAIN_000172,NC_0031,1,5,INNER_VAL,True
STRAIN_000173,NC_0002,4,5,INNER_TRAIN,True
STRAIN_000174,NC_0024,4,5,INNER_TRAIN,True
STRAIN_000175,NC_0184,3,5,INNER_TRAIN,True
STRAIN_000176,NC_0185,2,5,INNER_TRAIN,True
STRAIN_000177,NC_0186,3,5,INNER_VAL,True
STRAIN_000178,NC_0187,5,5,OUTER_TEST,True
STRAIN_000179,NC_0188,2,5,INNER_TRAIN,True
STRAIN_000180,NC_0189,5,5,OUTER_TEST,True
STRAIN_000181,NC_0023,4,5,INNER_VAL,True
STRAIN_000182,NC_0190,1,5,INNER_TRAIN,True
STRAIN_000183,NC_0191,5,5,OUTER_TEST,True
STRAIN_000184,NC_0007,4,5,INNER_TRAIN,True
STRAIN_000185,NC_0012,4,5,INNER_TRAIN,True
STRAIN_000186,NC_0192,1,5,INNER_VAL,True
STRAIN_000187,NC_0193,4,5,INNER_TRAIN,True
STRAIN_000188,NC_0194,1,5,INNER_TRAIN,True
STRAIN_000189,NC_0016,4,5,INNER_TRAIN,True
STRAIN_000190,NC_0013,1,5,INNER_TRAIN,True
STRAIN_000191,NC_0013,1,5,INNER_TRAIN,True
STRAIN_000193,NC_0196,5,5,OUTER_TEST,True
STRAIN_000194,NC_0197,1,5,INNER_VAL,True
STRAIN_000195,NC_0198,2,5,INNER_TRAIN,True
STRAIN_000196,NC_0022,3,5,INNER_TRAIN,True
STRAIN_000197,NC_0199,3,5,INNER_TRAIN,True
STRAIN_000198,NC_0200,3,5,INNER_VAL,True
STRAIN_000199,NC_0001,1,5,INNER_TRAIN,True
STRAIN_000200,NC_0201,2,5,INNER_TRAIN,True
STRAIN_000201,NC_0202,2,5,INNER_VAL,True
STRAIN_000202,NC_0203,1,5,INNER_TRAIN,True
STRAIN_000203,NC_0204,4,5,INNER_TRAIN,True
STRAIN_000204,NC_0076,2,5,INNER_TRAIN,True
STRAIN_000205,NC_0004,2,5,INNER_TRAIN,True
STRAIN_000206,NC_0004,2,5,INNER_TRAIN,True
STRAIN_000207,NC_0205,3,5,INNER_TRAIN,True
STRAIN_000208,NC_0206,5,5,OUTER_TEST,True
STRAIN_000209,NC_0005,5,5,OUTER_TEST,True
STRAIN_000210,NC_0207,2,5,INNER_TRAIN,True
STRAIN_000211,NC_0014,3,5,INNER_TRAIN,True
STRAIN_000212,NC_0077,2,5,INNER_TRAIN,True
STRAIN_000213,NC_0208,2,5,INNER_TRAIN,True
STRAIN_000214,NC_0003,3,5,INNER_TRAIN,True
STRAIN_000215,NC_0209,5,5,OUTER_TEST,True
STRAIN_000216,NC_0050,3,5,INNER_TRAIN,True
STRAIN_000217,NC_0210,5,5,OUTER_TEST,True
STRAIN_000218,NC_0211,5,5,OUTER_TEST,True
STRAIN_000219,NC_0007,4,5,INNER_TRAIN,True
STRAIN_000220,NC_0212,2,5,INNER_TRAIN,True
STRAIN_000221,NC_0018,5,5,OUTER_TEST,True
STRAIN_000222,NC_0004,2,5,INNER_TRAIN,True
STRAIN_000223,NC_0004,2,5,INNER_TRAIN,True
STRAIN_000224,NC_0213,4,5,INNER_TRAIN,True
STRAIN_000225,NC_0214,2,5,INNER_TRAIN,True
STRAIN_000226,NC_0215,2,5,INNER_TRAIN,True
STRAIN_000227,NC_0216,2,5,INNER_TRAIN,True
STRAIN_000228,NC_0075,4,5,INNER_TRAIN,True
STRAIN_000229,NC_0051,3,5,INNER_TRAIN,True
STRAIN_000230,NC_0013,1,5,INNER_TRAIN,True
STRAIN_000231,NC_0217,1,5,INNER_TRAIN,True
STRAIN_000232,NC_0218,2,5,INNER_TRAIN,True
STRAIN_000233,NC_0006,5,5,OUTER_TEST,True
STRAIN_000234,NC_0052,3,5,INNER_VAL,True
STRAIN_000235,NC_0012,4,5,INNER_TRAIN,True
STRAIN_000236,NC_0219,4,5,INNER_TRAIN,True
STRAIN_000237,NC_0078,3,5,INNER_TRAIN,True
STRAIN_000238,NC_0220,4,5,INNER_TRAIN,True
STRAIN_000239,NC_0013,1,5,INNER_TRAIN,True
STRAIN_000240,NC_0002,4,5,INNER_TRAIN,True
STRAIN_000241,NC_0009,5,5,OUTER_TEST,True
STRAIN_000242,NC_0221,2,5,INNER_TRAIN,True
STRAIN_000243,NC_0013,1,5,INNER_TRAIN,True
STRAIN_000244,NC_0222,3,5,INNER_TRAIN,True
STRAIN_000245,NC_0009,5,5,OUTER_TEST,True
STRAIN_000246,NC_0004,2,5,INNER_TRAIN,True
STRAIN_000247,NC_0223,2,5,INNER_VAL,True
STRAIN_000248,NC_0014,3,5,INNER_TRAIN,True
STRAIN_000249,NC_0049,4,5,INNER_TRAIN,True
STRAIN_000250,NC_0224,4,5,INNER_TRAIN,True
STRAIN_000251,NC_0225,4,5,INNER_TRAIN,True
STRAIN_000252,NC_0032,5,5,OUTER_TEST,True
STRAIN_000253,NC_0226,2,5,INNER_TRAIN,True
STRAIN_000255,NC_0227,5,5,OUTER_TEST,True
STRAIN_000256,NC_0053,1,5,INNER_TRAIN,True
STRAIN_000257,NC_0002,4,5,INNER_TRAIN,True
STRAIN_000258,NC_0004,2,5,INNER_TRAIN,True
STRAIN_000259,NC_0028,3,5,INNER_TRAIN,True
STRAIN_000260,NC_0001,1,5,INNER_TRAIN,True
STRAIN_000261,NC_0228,5,5,OUTER_TEST,True
STRAIN_000262,NC_0074,2,5,INNER_TRAIN,True
STRAIN_000263,NC_0229,1,5,INNER_VAL,True
STRAIN_000264,NC_0230,2,5,INNER_TRAIN,True
STRAIN_000265,NC_0231,4,5,INNER_TRAIN,True
STRAIN_000266,NC_0002,4,5,INNER_TRAIN,True
STRAIN_000267,NC_0068,1,5,INNER_TRAIN,True
STRAIN_000268,NC_0232,4,5,INNER_TRAIN,True
STRAIN_000269,NC_0233,4,5,INNER_TRAIN,True
STRAIN_000270,NC_0234,4,5,INNER_TRAIN,True
STRAIN_000271,NC_0235,1,5,INNER_TRAIN,True
STRAIN_000272,NC_0236,2,5,INNER_TRAIN,True
STRAIN_000273,NC_0237,3,5,INNER_TRAIN,True
STRAIN_000274,NC_0079,5,5,OUTER_TEST,True
STRAIN_000275,NC_0080,2,5,INNER_VAL,True
STRAIN_000276,NC_0238,1,5,INNER_TRAIN,True
STRAIN_000277,NC_0239,3,5,INNER_TRAIN,True
STRAIN_000278,NC_0081,3,5,INNER_TRAIN,True
STRAIN_000279,NC_0004,2,5,INNER_TRAIN,True
STRAIN_000280,NC_0020,2,5,INNER_TRAIN,True
STRAIN_000281,NC_0005,5,5,OUTER_TEST,True
STRAIN_000282,NC_0004,2,5,INNER_TRAIN,True
STRAIN_000283,NC_0007,4,5,INNER_TRAIN,True
STRAIN_000284,NC_0012,4,5,INNER_TRAIN,True
STRAIN_000285,NC_0012,4,5,INNER_TRAIN,True
STRAIN_000286,NC_0240,4,5,INNER_TRAIN,True
STRAIN_000287,NC_0241,1,5,INNER_TRAIN,True
STRAIN_000288,NC_0242,4,5,INNER_TRAIN,True
STRAIN_000289,NC_0023,4,5,INNER_VAL,True
STRAIN_000290,NC_0243,3,5,INNER_TRAIN,True
STRAIN_000291,NC_0011,2,5,INNER_VAL,True
STRAIN_000292,NC_0033,2,5,INNER_TRAIN,True
STRAIN_000294,NC_0245,2,5,INNER_TRAIN,True
STRAIN_000295,NC_0032,5,5,OUTER_TEST,True
STRAIN_000296,NC_0022,3,5,INNER_TRAIN,True
STRAIN_000297,NC_0246,5,5,OUTER_TEST,True
STRAIN_000298,NC_0247,5,5,OUTER_TEST,True
STRAIN_000299,NC_0248,5,5,OUTER_TEST,True
STRAIN_000300,NC_0249,2,5,INNER_TRAIN,True
STRAIN_000301,NC_0038,3,5,INNER_TRAIN,True
STRAIN_000302,NC_0001,1,5,INNER_TRAIN,True
STRAIN_000303,NC_0082,3,5,INNER_TRAIN,True
STRAIN_000304,NC_0032,5,5,OUTER_TEST,True
STRAIN_000305,NC_0250,1,5,INNER_TRAIN,True
STRAIN_000306,NC_0251,2,5,INNER_TRAIN,True
STRAIN_000307,NC_0252,4,5,INNER_TRAIN,True
STRAIN_000308,NC_0253,1,5,INNER_TRAIN,True
STRAIN_000309,NC_0004,2,5,INNER_TRAIN,True
STRAIN_000310,NC_0004,2,5,INNER_TRAIN,True
STRAIN_000311,NC_0254,4,5,INNER_TRAIN,True
STRAIN_000312,NC_0255,3,5,INNER_TRAIN,True
STRAIN_000313,NC_0004,2,5,INNER_TRAIN,True
STRAIN_000314,NC_0012,4,5,INNER_TRAIN,True
STRAIN_000315,NC_0034,2,5,INNER_TRAIN,True
STRAIN_000316,NC_0020,2,5,INNER_TRAIN,True
STRAIN_000317,NC_0256,4,5,INNER_TRAIN,True
STRAIN_000318,NC_0003,3,5,INNER_TRAIN,True
STRAIN_000319,NC_0257,2,5,INNER_TRAIN,True
STRAIN_000320,NC_0039,2,5,INNER_TRAIN,True
STRAIN_000321,NC_0258,1,5,INNER_TRAIN,True
STRAIN_000322,NC_0259,3,5,INNER_VAL,True
STRAIN_000323,NC_0260,5,5,OUTER_TEST,True
STRAIN_000324,NC_0040,1,5,INNER_TRAIN,True
STRAIN_000325,NC_0054,1,5,INNER_TRAIN,True
STRAIN_000326,NC_0014,3,5,INNER_TRAIN,True
STRAIN_000327,NC_0002,4,5,INNER_TRAIN,True
STRAIN_000328,NC_0261,5,5,OUTER_TEST,True
STRAIN_000329,NC_0262,4,5,INNER_VAL,True
STRAIN_000330,NC_0017,1,5,INNER_TRAIN,True
STRAIN_000332,NC_0264,5,5,OUTER_TEST,True
STRAIN_000333,NC_0265,1,5,INNER_TRAIN,True
STRAIN_000334,NC_0007,4,5,INNER_TRAIN,True
STRAIN_000335,NC_0266,1,5,INNER_TRAIN,True
STRAIN_000336,NC_0009,5,5,OUTER_TEST,True
STRAIN_000337,NC_0054,1,5,INNER_TRAIN,True
STRAIN_000338,NC_0267,3,5,INNER_TRAIN,True
STRAIN_000339,NC_0007,4,5,INNER_TRAIN,True
STRAIN_000340,NC_0003,3,5,INNER_TRAIN,True
STRAIN_000341,NC_0041,4,5,INNER_TRAIN,True
STRAIN_000342,NC_0268,1,5,INNER_TRAIN,True
STRAIN_000343,NC_0269,4,5,INNER_TRAIN,True
STRAIN_000344,NC_0083,2,5,INNER_TRAIN,True
STRAIN_000345,NC_0270,1,5,INNER_TRAIN,True
STRAIN_000346,NC_0055,5,5,OUTER_TEST,True
STRAIN_000347,NC_0271,1,5,INNER_VAL,True
STRAIN_000348,NC_0272,5,5,OUTER_TEST,True
STRAIN_000349,NC_0032,5,5,OUTER_TEST,True
STRAIN_000350,NC_0037,5,5,OUTER_TEST,True
STRAIN_000351,NC_0273,2,5,INNER_TRAIN,True
STRAIN_000352,NC_0082,3,5,INNER_TRAIN,True
STRAIN_000353,NC_0040,1,5,INNER_TRAIN,True
STRAIN_000354,NC_0073,1,5,INNER_TRAIN,True
STRAIN_000355,NC_0084,1,5,INNER_TRAIN,True
STRAIN_000356,NC_0274,2,5,INNER_TRAIN,True
STRAIN_000357,NC_0005,5,5,OUTER_TEST,True
STRAIN_000358,NC_0275,1,5,INNER_TRAIN,True
STRAIN_000359,NC_0025,3,5,INNER_TRAIN,True
STRAIN_000360,NC_0004,2,5,INNER_TRAIN,True
STRAIN_000361,NC_0004,2,5,INNER_TRAIN,True
STRAIN_000362,NC_0010,3,5,INNER_TRAIN,True
STRAIN_000363,NC_0042,2,5,INNER_TRAIN,True
STRAIN_000364,NC_0007,4,5,INNER_TRAIN,True
STRAIN_000365,NC_0276,5,5,OUTER_TEST,True
STRAIN_000366,NC_0277,2,5,INNER_TRAIN,True
STRAIN_000367,NC_0085,3,5,INNER_TRAIN,True
STRAIN_000368,NC_0278,5,5,OUTER_TEST,True
STRAIN_000369,NC_0001,1,5,INNER_TRAIN,True
STRAIN_000370,NC_0041,4,5,INNER_TRAIN,True
STRAIN_000371,NC_0007,4,5,INNER_TRAIN,True
STRAIN_000372,NC_0001,1,5,INNER_TRAIN,True
STRAIN_000373,NC_0279,1,5,INNER_TRAIN,True
STRAIN_000374,NC_0003,3,5,INNER_TRAIN,True
STRAIN_000375,NC_0052,3,5,INNER_VAL,True
STRAIN_000376,NC_0003,3,5,INNER_TRAIN,True
STRAIN_000377,NC_0280,2,5,INNER_TRAIN,True
STRAIN_000378,NC_0033,2,5,INNER_TRAIN,True
STRAIN_000379,NC_0071,1,5,INNER_TRAIN,True
STRAIN_000380,NC_0053,1,5,INNER_TRAIN,True
STRAIN_000381,NC_0002,4,5,INNER_TRAIN,True
STRAIN_000382,NC_0281,4,5,INNER_TRAIN,True
STRAIN_000383,NC_0005,5,5,OUTER_TEST,True
STRAIN_000385,NC_0001,1,5,INNER_TRAIN,True
STRAIN_000386,NC_0282,2,5,INNER_TRAIN,True
STRAIN_000387,NC_0283,1,5,INNER_TRAIN,True
STRAIN_000388,NC_0078,3,5,INNER_TRAIN,True
STRAIN_000389,NC_0086,1,5,INNER_TRAIN,True
STRAIN_000390,NC_0001,1,5,INNER_TRAIN,True
STRAIN_000391,NC_0034,2,5,INNER_TRAIN,True
STRAIN_000392,NC_0029,1,5,INNER_TRAIN,True
STRAIN_000393,NC_0030,4,5,INNER_TRAIN,True
STRAIN_000394,NC_0030,4,5,INNER_TRAIN,True
STRAIN_000395,NC_0012,4,5,INNER_TRAIN,True
STRAIN_000396,NC_0017,1,5,INNER_TRAIN,True
STRAIN_000397,NC_0001,1,5,INNER_TRAIN,True
STRAIN_000398,NC_0284,1,5,INNER_TRAIN,True
STRAIN_000399,NC_0001,1,5,INNER_TRAIN,True
STRAIN_000400,NC_0017,1,5,INNER_TRAIN,True
STRAIN_000401,NC_0087,5,5,OUTER_TEST,True
STRAIN_000402,NC_0285,2,5,INNER_TRAIN,True
STRAIN_000403,NC_0024,4,5,INNER_TRAIN,True
STRAIN_000404,NC_0006,5,5,OUTER_TEST,True
STRAIN_000405,NC_0006,5,5,OUTER_TEST,True
STRAIN_000406,NC_0012,4,5,INNER_TRAIN,True
STRAIN_000407,NC_0286,2,5,INNER_TRAIN,True
STRAIN_000408,NC_0007,4,5,INNER_TRAIN,True
STRAIN_000409,NC_0287,5,5,OUTER_TEST,True
STRAIN_000410,NC_0288,1,5,INNER_TRAIN,True
STRAIN_000411,NC_0029,1,5,INNER_TRAIN,True
STRAIN_000412,NC_0012,4,5,INNER_TRAIN,True
STRAIN_000413,NC_0088,2,5,INNER_TRAIN,True
STRAIN_000414,NC_0012,4,5,INNER_TRAIN,True
STRAIN_000415,NC_0289,2,5,INNER_TRAIN,True
STRAIN_000416,NC_0010,3,5,INNER_TRAIN,True
STRAIN_000417,NC_0035,4,5,INNER_TRAIN,True
STRAIN_000418,NC_0001,1,5,INNER_TRAIN,True
STRAIN_000419,NC_0015,3,5,INNER_TRAIN,True
STRAIN_000420,NC_0290,5,5,OUTER_TEST,True
STRAIN_000421,NC_0291,2,5,INNER_TRAIN,True
STRAIN_000422,NC_0292,1,5,INNER_VAL,True
STRAIN_000423,NC_0293,3,5,INNER_TRAIN,True
STRAIN_000424,NC_0042,2,5,INNER_TRAIN,True
STRAIN_000425,NC_0088,2,5,INNER_TRAIN,True
STRAIN_000426,NC_0012,4,5,INNER_TRAIN,True
STRAIN_000427,NC_0008,2,5,INNER_TRAIN,True
STRAIN_000428,NC_0014,3,5,INNER_TRAIN,True
STRAIN_000429,NC_0294,1,5,INNER_TRAIN,True
STRAIN_000430,NC_0007,4,5,INNER_TRAIN,True
STRAIN_000431,NC_0295,4,5,INNER_TRAIN,True
STRAIN_000432,NC_0001,1,5,INNER_TRAIN,True
STRAIN_000433,NC_0043,5,5,OUTER_TEST,True
STRAIN_000434,NC_0057,2,5,INNER_VAL,True
STRAIN_000435,NC_0296,3,5,INNER_TRAIN,True
STRAIN_000436,NC_0297,5,5,OUTER_TEST,True
STRAIN_000437,NC_0003,3,5,INNER_TRAIN,True
STRAIN_000438,NC_0001,1,5,INNER_TRAIN,True
STRAIN_000439,NC_0298,2,5,INNER_TRAIN,True
STRAIN_000440,NC_0299,3,5,INNER_TRAIN,True
STRAIN_000441,NC_0300,5,5,OUTER_TEST,True
STRAIN_000443,NC_0301,5,5,OUTER_TEST,True
STRAIN_000444,NC_0002,4,5,INNER_TRAIN,True
STRAIN_000445,NC_0086,1,5,INNER_TRAIN,True
STRAIN_000446,NC_0019,2,5,INNER_TRAIN,True
STRAIN_000447,NC_0302,3,5,INNER_VAL,True
STRAIN_000448,NC_0003,3,5,INNER_TRAIN,True
STRAIN_000449,NC_0303,2,5,INNER_TRAIN,True
STRAIN_000450,NC_0304,2,5,INNER_VAL,True
STRAIN_000451,NC_0038,3,5,INNER_TRAIN,True
STRAIN_000452,NC_0007,4,5,INNER_TRAIN,True
STRAIN_000453,NC_0305,3,5,INNER_TRAIN,True
STRAIN_000454,NC_0010,3,5,INNER_TRAIN,True
STRAIN_000455,NC_0306,5,5,OUTER_TEST,True
STRAIN_000456,NC_0307,4,5,INNER_TRAIN,True
STRAIN_000457,NC_0014,3,5,INNER_TRAIN,True
STRAIN_000458,NC_0051,3,5,INNER_TRAIN,True
STRAIN_000459,NC_0308,3,5,INNER_TRAIN,True
STRAIN_000460,NC_0089,5,5,OUTER_TEST,True
STRAIN_000461,NC_0016,4,5,INNER_TRAIN,True
STRAIN_000462,NC_0016,4,5,INNER_TRAIN,True
STRAIN_000463,NC_0051,3,5,INNER_TRAIN,True
STRAIN_000464,NC_0016,4,5,INNER_TRAIN,True
STRAIN_000465,NC_0309,5,5,OUTER_TEST,True
STRAIN_000466,NC_0072,2,5,INNER_TRAIN,True
STRAIN_000467,NC_0087,5,5,OUTER_TEST,True
STRAIN_000468,NC_0310,5,5,OUTER_TEST,True
STRAIN_000469,NC_0089,5,5,OUTER_TEST,True
STRAIN_000470,NC_0025,3,5,INNER_TRAIN,True
STRAIN_000471,NC_0013,1,5,INNER_TRAIN,True
STRAIN_000472,NC_0311,5,5,OUTER_TEST,True
STRAIN_000473,NC_0312,2,5,INNER_TRAIN,True
STRAIN_000474,NC_0313,2,5,INNER_TRAIN,True
STRAIN_000475,NC_0314,3,5,INNER_TRAIN,True
STRAIN_000476,NC_0036,1,5,INNER_TRAIN,True
STRAIN_000477,NC_0016,4,5,INNER_TRAIN,True
STRAIN_000478,NC_0015,3,5,INNER_TRAIN,True
STRAIN_000479,NC_0046,4,5,INNER_TRAIN,True
STRAIN_000480,NC_0021,1,5,INNER_TRAIN,True
STRAIN_000481,NC_0058,4,5,INNER_TRAIN,True
STRAIN_000482,NC_0058,4,5,INNER_TRAIN,True
STRAIN_000483,NC_0315,3,5,INNER_VAL,True
STRAIN_000484,NC_0090,3,5,INNER_TRAIN,True
STRAIN_000485,NC_0316,2,5,INNER_TRAIN,True
STRAIN_000486,NC_0058,4,5,INNER_TRAIN,True
STRAIN_000487,NC_0317,4,5,INNER_VAL,True
STRAIN_000488,NC_0318,3,5,INNER_TRAIN,True
STRAIN_000489,NC_0319,3,5,INNER_VAL,True
STRAIN_000490,NC_0021,1,5,INNER_TRAIN,True
STRAIN_000491,NC_0004,2,5,INNER_TRAIN,True
STRAIN_000492,NC_0006,5,5,OUTER_TEST,True
STRAIN_000493,NC_0002,4,5,INNER_TRAIN,True
STRAIN_000494,NC_0014,3,5,INNER_TRAIN,True
STRAIN_000495,NC_0320,1,5,INNER_VAL,True
STRAIN_000496,NC_0321,3,5,INNER_TRAIN,True
STRAIN_000497,NC_0322,1,5,INNER_TRAIN,True
STRAIN_000498,NC_0323,5,5,OUTER_TEST,True
STRAIN_000499,NC_0002,4,5,INNER_TRAIN,True
STRAIN_000500,NC_0324,4,5,INNER_TRAIN,True
STRAIN_000501,NC_0059,3,5,INNER_TRAIN,True
STRAIN_000502,NC_0325,3,5,INNER_TRAIN,True
STRAIN_000503,NC_0023,4,5,INNER_VAL,True
STRAIN_000504,NC_0326,4,5,INNER_TRAIN,True
STRAIN_000505,NC_0327,1,5,INNER_TRAIN,True
STRAIN_000506,NC_0014,3,5,INNER_TRAIN,True
STRAIN_000507,NC_0023,4,5,INNER_VAL,True
STRAIN_000508,NC_0021,1,5,INNER_TRAIN,True
STRAIN_000509,NC_0043,5,5,OUTER_TEST,True
STRAIN_000510,NC_0328,4,5,INNER_TRAIN,True
STRAIN_000511,NC_0038,3,5,INNER_TRAIN,True
STRAIN_000512,NC_0329,3,5,INNER_TRAIN,True
STRAIN_000513,NC_0330,5,5,OUTER_TEST,True
STRAIN_000514,NC_0008,2,5,INNER_TRAIN,True
STRAIN_000515,NC_0331,3,5,INNER_TRAIN,True
STRAIN_000516,NC_0040,1,5,INNER_TRAIN,True
STRAIN_000517,NC_0041,4,5,INNER_TRAIN,True
STRAIN_000518,NC_0332,4,5,INNER_TRAIN,True
STRAIN_000519,NC_0333,1,5,INNER_TRAIN,True
STRAIN_000520,NC_0091,5,5,OUTER_TEST,True
STRAIN_000521,NC_0091,5,5,OUTER_TEST,True
STRAIN_000522,NC_0060,5,5,OUTER_TEST,True
STRAIN_000523,NC_0334,5,5,OUTER_TEST,True
STRAIN_000524,NC_0335,3,5,INNER_TRAIN,True
STRAIN_000525,NC_0007,4,5,INNER_TRAIN,True
STRAIN_000526,NC_0055,5,5,OUTER_TEST,True
STRAIN_000527,NC_0336,4,5,INNER_TRAIN,True
STRAIN_000528,NC_0029,1,5,INNER_TRAIN,True
STRAIN_000529,NC_0005,5,5,OUTER_TEST,True
STRAIN_000530,NC_0013,1,5,INNER_TRAIN,True
STRAIN_000531,NC_0337,1,5,INNER_VAL,True
STRAIN_000532,NC_0338,1,5,INNER_VAL,True
STRAIN_000533,NC_0339,3,5,INNER_TRAIN,True
STRAIN_000534,NC_0092,5,5,OUTER_TEST,True
STRAIN_000535,NC_0006,5,5,OUTER_TEST,True
STRAIN_000536,NC_0340,1,5,INNER_TRAIN,True
STRAIN_000537,NC_0001,1,5,INNER_TRAIN,True
STRAIN_000538,NC_0341,5,5,OUTER_TEST,True
STRAIN_000539,NC_0060,5,5,OUTER_TEST,True
STRAIN_000540,NC_0092,5,5,OUTER_TEST,True
STRAIN_000541,NC_0093,3,5,INNER_TRAIN,True
STRAIN_000542,NC_0094,5,5,OUTER_TEST,True
STRAIN_000543,NC_0342,4,5,INNER_TRAIN,True
STRAIN_000544,NC_0003,3,5,INNER_TRAIN,True
STRAIN_000545,NC_0005,5,5,OUTER_TEST,True
STRAIN_000546,NC_0008,2,5,INNER_TRAIN,True
STRAIN_000547,NC_0010,3,5,INNER_TRAIN,True
STRAIN_000548,NC_0010,3,5,INNER_TRAIN,True
STRAIN_000549,NC_0095,3,5,INNER_TRAIN,True
STRAIN_000550,NC_0096,5,5,OUTER_TEST,True
STRAIN_000551,NC_0019,2,5,INNER_TRAIN,True
STRAIN_000552,NC_0095,3,5,INNER_TRAIN,True
STRAIN_000553,NC_0020,2,5,INNER_TRAIN,True
STRAIN_000554,NC_0014,3,5,INNER_TRAIN,True
STRAIN_000555,NC_0343,1,5,INNER_VAL,True
STRAIN_000556,NC_0002,4,5,INNER_TRAIN,True
STRAIN_000557,NC_0344,2,5,INNER_TRAIN,True
STRAIN_000558,NC_0097,2,5,INNER_TRAIN,True
STRAIN_000559,NC_0005,5,5,OUTER_TEST,True
STRAIN_000560,NC_0005,5,5,OUTER_TEST,True
STRAIN_000561,NC_0007,4,5,INNER_TRAIN,True
STRAIN_000562,NC_0010,3,5,INNER_TRAIN,True
STRAIN_000563,NC_0061,1,5,INNER_TRAIN,True
STRAIN_000564,NC_0061,1,5,INNER_TRAIN,True
STRAIN_000566,NC_0061,1,5,INNER_TRAIN,True
STRAIN_000567,NC_0346,5,5,OUTER_TEST,True
STRAIN_000568,NC_0001,1,5,INNER_TRAIN,True
STRAIN_000569,NC_0347,3,5,INNER_TRAIN,True
STRAIN_000570,NC_0003,3,5,INNER_TRAIN,True
STRAIN_000571,NC_0054,1,5,INNER_TRAIN,True
STRAIN_000572,NC_0348,4,5,INNER_TRAIN,True
STRAIN_000573,NC_0001,1,5,INNER_TRAIN,True
STRAIN_000574,NC_0001,1,5,INNER_TRAIN,True
STRAIN_000575,NC_0030,4,5,INNER_TRAIN,True
STRAIN_000576,NC_0062,1,5,INNER_TRAIN,True
STRAIN_000577,NC_0057,2,5,INNER_VAL,True
STRAIN_000578,NC_0033,2,5,INNER_TRAIN,True
STRAIN_000579,NC_0021,1,5,INNER_TRAIN,True
STRAIN_000580,NC_0005,5,5,OUTER_TEST,True
STRAIN_000581,NC_0349,3,5,INNER_TRAIN,True
STRAIN_000582,NC_0042,2,5,INNER_TRAIN,True
STRAIN_000583,NC_0010,3,5,INNER_TRAIN,True
STRAIN_000584,NC_0350,4,5,INNER_TRAIN,True
STRAIN_000585,NC_0004,2,5,INNER_TRAIN,True
STRAIN_000586,NC_0351,4,5,INNER_TRAIN,True
STRAIN_000587,NC_0352,2,5,INNER_TRAIN,True
STRAIN_000588,NC_0006,5,5,OUTER_TEST,True
STRAIN_000589,NC_0002,4,5,INNER_TRAIN,True
STRAIN_000590,NC_0353,1,5,INNER_TRAIN,True
STRAIN_000591,NC_0008,2,5,INNER_TRAIN,True
STRAIN_000592,NC_0354,4,5,INNER_VAL,True
STRAIN_000593,NC_0355,4,5,INNER_TRAIN,True
STRAIN_000594,NC_0010,3,5,INNER_TRAIN,True
STRAIN_000595,NC_0356,2,5,INNER_TRAIN,True
STRAIN_000596,NC_0357,2,5,INNER_TRAIN,True
STRAIN_000597,NC_0081,3,5,INNER_TRAIN,True
STRAIN_000598,NC_0033,2,5,INNER_TRAIN,True
STRAIN_000599,NC_0098,3,5,INNER_TRAIN,True
STRAIN_000600,NC_0358,4,5,INNER_TRAIN,True
STRAIN_000601,NC_0099,4,5,INNER_TRAIN,True
STRAIN_000602,NC_0025,3,5,INNER_TRAIN,True
STRAIN_000603,NC_0010,3,5,INNER_TRAIN,True
STRAIN_000604,NC_0004,2,5,INNER_TRAIN,True
STRAIN_000605,NC_0067,5,5,OUTER_TEST,True
STRAIN_000606,NC_0017,1,5,INNER_TRAIN,True
STRAIN_000607,NC_0009,5,5,OUTER_TEST,True
STRAIN_000608,NC_0359,1,5,INNER_VAL,True
STRAIN_000609,NC_0021,1,5,INNER_TRAIN,True
STRAIN_000610,NC_0040,1,5,INNER_TRAIN,True
STRAIN_000611,NC_0001,1,5,INNER_TRAIN,True
STRAIN_000612,NC_0021,1,5,INNER_TRAIN,True
STRAIN_000613,NC_0009,5,5,OUTER_TEST,True
STRAIN_000614,NC_0070,4,5,INNER_TRAIN,True
STRAIN_000615,NC_0004,2,5,INNER_TRAIN,True
STRAIN_000616,NC_0360,1,5,INNER_TRAIN,True
STRAIN_000617,NC_0009,5,5,OUTER_TEST,True
STRAIN_000618,NC_0009,5,5,OUTER_TEST,True
STRAIN_000619,NC_0009,5,5,OUTER_TEST,True
STRAIN_000620,NC_0009,5,5,OUTER_TEST,True
STRAIN_000621,NC_0009,5,5,OUTER_TEST,True
STRAIN_000622,NC_0361,4,5,INNER_TRAIN,True
STRAIN_000623,NC_0003,3,5,INNER_TRAIN,True
STRAIN_000624,NC_0002,4,5,INNER_TRAIN,True
STRAIN_000625,NC_0362,4,5,INNER_TRAIN,True
STRAIN_000626,NC_0039,2,5,INNER_TRAIN,True
STRAIN_000627,NC_0034,2,5,INNER_TRAIN,True
STRAIN_000628,NC_0363,4,5,INNER_VAL,True
STRAIN_000629,NC_0043,5,5,OUTER_TEST,True
STRAIN_000630,NC_0100,5,5,OUTER_TEST,True
STRAIN_000631,NC_0364,1,5,INNER_TRAIN,True
STRAIN_000632,NC_0365,3,5,INNER_TRAIN,True
STRAIN_000633,NC_0052,3,5,INNER_VAL,True
STRAIN_000634,NC_0101,2,5,INNER_VAL,True
STRAIN_000635,NC_0094,5,5,OUTER_TEST,True
STRAIN_000636,NC_0366,4,5,INNER_TRAIN,True
STRAIN_000637,NC_0011,2,5,INNER_VAL,True
STRAIN_000638,NC_0367,4,5,INNER_VAL,True
STRAIN_000639,NC_0019,2,5,INNER_TRAIN,True
STRAIN_000640,NC_0368,3,5,INNER_TRAIN,True
STRAIN_000641,NC_0102,4,5,INNER_TRAIN,True
STRAIN_000642,NC_0369,2,5,INNER_TRAIN,True
STRAIN_000643,NC_0370,2,5,INNER_TRAIN,True
STRAIN_000644,NC_0001,1,5,INNER_TRAIN,True
STRAIN_000645,NC_0371,4,5,INNER_TRAIN,True
STRAIN_000646,NC_0001,1,5,INNER_TRAIN,True
STRAIN_000647,NC_0034,2,5,INNER_TRAIN,True
STRAIN_000649,NC_0025,3,5,INNER_TRAIN,True
STRAIN_000650,NC_0005,5,5,OUTER_TEST,True
STRAIN_000651,NC_0019,2,5,INNER_TRAIN,True
STRAIN_000652,NC_0372,5,5,OUTER_TEST,True
STRAIN_000653,NC_0025,3,5,INNER_TRAIN,True
STRAIN_000654,NC_0373,3,5,INNER_TRAIN,True
STRAIN_000655,NC_0374,4,5,INNER_TRAIN,True
STRAIN_000656,NC_0375,1,5,INNER_TRAIN,True
STRAIN_000657,NC_0376,3,5,INNER_VAL,True
STRAIN_000658,NC_0076,2,5,INNER_TRAIN,True
STRAIN_000659,NC_0377,4,5,INNER_TRAIN,True
STRAIN_000660,NC_0036,1,5,INNER_TRAIN,True
STRAIN_000661,NC_0003,3,5,INNER_TRAIN,True
STRAIN_000662,NC_0378,1,5,INNER_VAL,True
STRAIN_000663,NC_0060,5,5,OUTER_TEST,True
STRAIN_000664,NC_0003,3,5,INNER_TRAIN,True
STRAIN_000665,NC_0379,2,5,INNER_TRAIN,True
STRAIN_000666,NC_0380,4,5,INNER_TRAIN,True
STRAIN_000667,NC_0381,3,5,INNER_TRAIN,True
STRAIN_000668,NC_0016,4,5,INNER_TRAIN,True
STRAIN_000669,NC_0003,3,5,INNER_TRAIN,True
STRAIN_000670,NC_0382,3,5,INNER_TRAIN,True
STRAIN_000671,NC_0026,5,5,OUTER_TEST,True
STRAIN_000672,NC_0383,5,5,OUTER_TEST,True
STRAIN_000673,NC_0384,1,5,INNER_TRAIN,True
STRAIN_000674,NC_0003,3,5,INNER_TRAIN,True
STRAIN_000675,NC_0008,2,5,INNER_TRAIN,True
STRAIN_000676,NC_0385,1,5,INNER_TRAIN,True
STRAIN_000677,NC_0386,4,5,INNER_TRAIN,True
STRAIN_000678,NC_0387,3,5,INNER_TRAIN,True
STRAIN_000679,NC_0388,1,5,INNER_TRAIN,True
STRAIN_000680,NC_0041,4,5,INNER_TRAIN,True
STRAIN_000681,NC_0004,2,5,INNER_TRAIN,True
STRAIN_000682,NC_0001,1,5,INNER_TRAIN,True
STRAIN_000683,NC_0009,5,5,OUTER_TEST,True
STRAIN_000684,NC_0013,1,5,INNER_TRAIN,True
STRAIN_000685,NC_0059,3,5,INNER_TRAIN,True
STRAIN_000686,NC_0062,1,5,INNER_TRAIN,True
STRAIN_000687,NC_0389,4,5,INNER_TRAIN,True
STRAIN_000688,NC_0026,5,5,OUTER_TEST,True
STRAIN_000689,NC_0014,3,5,INNER_TRAIN,True
STRAIN_000690,NC_0010,3,5,INNER_TRAIN,True
STRAIN_000691,NC_0001,1,5,INNER_TRAIN,True
STRAIN_000692,NC_0014,3,5,INNER_TRAIN,True
STRAIN_000693,NC_0390,5,5,OUTER_TEST,True
STRAIN_000694,NC_0001,1,5,INNER_TRAIN,True
STRAIN_000695,NC_0028,3,5,INNER_TRAIN,True
STRAIN_000696,NC_0039,2,5,INNER_TRAIN,True
STRAIN_000697,NC_0005,5,5,OUTER_TEST,True
STRAIN_000698,NC_0005,5,5,OUTER_TEST,True
STRAIN_000699,NC_0005,5,5,OUTER_TEST,True
STRAIN_000700,NC_0005,5,5,OUTER_TEST,True
STRAIN_000701,NC_0001,1,5,INNER_TRAIN,True
STRAIN_000702,NC_0034,2,5,INNER_TRAIN,True
STRAIN_000703,NC_0391,4,5,INNER_TRAIN,True
STRAIN_000704,NC_0003,3,5,INNER_TRAIN,True
STRAIN_000705,NC_0014,3,5,INNER_TRAIN,True
STRAIN_000706,NC_0392,5,5,OUTER_TEST,True
STRAIN_000707,NC_0393,4,5,INNER_TRAIN,True
STRAIN_000708,NC_0394,5,5,OUTER_TEST,True
STRAIN_000709,NC_0005,5,5,OUTER_TEST,True
STRAIN_000710,NC_0003,3,5,INNER_TRAIN,True
STRAIN_000711,NC_0015,3,5,INNER_TRAIN,True
STRAIN_000712,NC_0001,1,5,INNER_TRAIN,True
STRAIN_000713,NC_0033,2,5,INNER_TRAIN,True
STRAIN_000714,NC_0395,1,5,INNER_TRAIN,True
STRAIN_000715,NC_0396,3,5,INNER_TRAIN,True
STRAIN_000716,NC_0001,1,5,INNER_TRAIN,True
STRAIN_000717,NC_0032,5,5,OUTER_TEST,True
STRAIN_000718,NC_0397,3,5,INNER_TRAIN,True
STRAIN_000719,NC_0047,2,5,INNER_TRAIN,True
STRAIN_000720,NC_0085,3,5,INNER_TRAIN,True
STRAIN_000721,NC_0398,5,5,OUTER_TEST,True
STRAIN_000722,NC_0021,1,5,INNER_TRAIN,True
STRAIN_000723,NC_0399,3,5,INNER_TRAIN,True
STRAIN_000724,NC_0400,1,5,INNER_TRAIN,True
STRAIN_000725,NC_0002,4,5,INNER_TRAIN,True
STRAIN_000726,NC_0022,3,5,INNER_TRAIN,True
STRAIN_000727,NC_0001,1,5,INNER_TRAIN,True
STRAIN_000728,NC_0020,2,5,INNER_TRAIN,True
STRAIN_000729,NC_0020,2,5,INNER_TRAIN,True
STRAIN_000730,NC_0003,3,5,INNER_TRAIN,True
STRAIN_000731,NC_0401,1,5,INNER_TRAIN,True
STRAIN_000732,NC_0402,4,5,INNER_TRAIN,True
STRAIN_000733,NC_0015,3,5,INNER_TRAIN,True
STRAIN_000734,NC_0001,1,5,INNER_TRAIN,True
STRAIN_000735,NC_0403,2,5,INNER_TRAIN,True
STRAIN_000736,NC_0404,4,5,INNER_TRAIN,True
STRAIN_000737,NC_0004,2,5,INNER_TRAIN,True
STRAIN_000738,NC_0049,4,5,INNER_TRAIN,True
STRAIN_000739,NC_0405,1,5,INNER_TRAIN,True
STRAIN_000740,NC_0005,5,5,OUTER_TEST,True
STRAIN_000741,NC_0003,3,5,INNER_TRAIN,True
STRAIN_000742,NC_0103,1,5,INNER_TRAIN,True
STRAIN_000743,NC_0004,2,5,INNER_TRAIN,True
STRAIN_000744,NC_0004,2,5,INNER_TRAIN,True
STRAIN_000745,NC_0004,2,5,INNER_TRAIN,True
STRAIN_000746,NC_0103,1,5,INNER_TRAIN,True
STRAIN_000747,NC_0406,4,5,INNER_TRAIN,True
STRAIN_000748,NC_0030,4,5,INNER_TRAIN,True
STRAIN_000749,NC_0407,4,5,INNER_TRAIN,True
STRAIN_000750,NC_0014,3,5,INNER_TRAIN,True
STRAIN_000751,NC_0408,5,5,OUTER_TEST,True
STRAIN_000752,NC_0409,5,5,OUTER_TEST,True
STRAIN_000753,NC_0021,1,5,INNER_TRAIN,True
STRAIN_000754,NC_0018,5,5,OUTER_TEST,True
STRAIN_000755,NC_0006,5,5,OUTER_TEST,True
STRAIN_000756,NC_0410,2,5,INNER_TRAIN,True
STRAIN_000757,NC_0411,5,5,OUTER_TEST,True
STRAIN_000758,NC_0412,5,5,OUTER_TEST,True
STRAIN_000759,NC_0413,1,5,INNER_TRAIN,True
STRAIN_000760,NC_0001,1,5,INNER_TRAIN,True
STRAIN_000761,NC_0104,2,5,INNER_TRAIN,True
STRAIN_000762,NC_0104,2,5,INNER_TRAIN,True
STRAIN_000763,NC_0031,1,5,INNER_VAL,True
STRAIN_000764,NC_0414,4,5,INNER_TRAIN,True
STRAIN_000765,NC_0065,1,5,INNER_TRAIN,True
STRAIN_000766,NC_0415,2,5,INNER_TRAIN,True
STRAIN_000767,NC_0022,3,5,INNER_TRAIN,True
STRAIN_000768,NC_0008,2,5,INNER_TRAIN,True
STRAIN_000769,NC_0069,5,5,OUTER_TEST,True
STRAIN_000770,NC_0044,3,5,INNER_TRAIN,True
STRAIN_000771,NC_0044,3,5,INNER_TRAIN,True
STRAIN_000772,NC_0044,3,5,INNER_TRAIN,True
STRAIN_000773,NC_0044,3,5,INNER_TRAIN,True
STRAIN_000774,NC_0416,5,5,OUTER_TEST,True
STRAIN_000775,NC_0050,3,5,INNER_TRAIN,True
STRAIN_000776,NC_0050,3,5,INNER_TRAIN,True
STRAIN_000777,NC_0417,5,5,OUTER_TEST,True
STRAIN_000778,NC_0105,4,5,INNER_TRAIN,True
STRAIN_000779,NC_0105,4,5,INNER_TRAIN,True
STRAIN_000780,NC_0418,2,5,INNER_VAL,True
STRAIN_000781,NC_0419,1,5,INNER_TRAIN,True
STRAIN_000782,NC_0066,4,5,INNER_TRAIN,True
STRAIN_000783,NC_0101,2,5,INNER_VAL,True
STRAIN_000784,NC_0016,4,5,INNER_TRAIN,True
STRAIN_000785,NC_0420,2,5,INNER_TRAIN,True
STRAIN_000786,NC_0421,1,5,INNER_TRAIN,True
STRAIN_000787,NC_0016,4,5,INNER_TRAIN,True
STRAIN_000788,NC_0422,1,5,INNER_TRAIN,True
STRAIN_000789,NC_0001,1,5,INNER_TRAIN,True
STRAIN_000790,NC_0001,1,5,INNER_TRAIN,True
STRAIN_000791,NC_0003,3,5,INNER_TRAIN,True
STRAIN_000792,NC_0063,5,5,OUTER_TEST,True
STRAIN_000793,NC_0003,3,5,INNER_TRAIN,True
STRAIN_000794,NC_0039,2,5,INNER_TRAIN,True
STRAIN_000795,NC_0423,5,5,OUTER_TEST,True
STRAIN_000796,NC_0424,2,5,INNER_TRAIN,True
STRAIN_000797,NC_0003,3,5,INNER_TRAIN,True
STRAIN_000798,NC_0425,1,5,INNER_TRAIN,True
STRAIN_000799,NC_0013,1,5,INNER_TRAIN,True
STRAIN_000800,NC_0005,5,5,OUTER_TEST,True
STRAIN_000801,NC_0426,3,5,INNER_TRAIN,True
STRAIN_000802,NC_0010,3,5,INNER_TRAIN,True
STRAIN_000803,NC_0427,2,5,INNER_TRAIN,True
STRAIN_000804,NC_0428,1,5,INNER_TRAIN,True
STRAIN_000805,NC_0429,1,5,INNER_TRAIN,True
STRAIN_000806,NC_0047,2,5,INNER_TRAIN,True
STRAIN_000807,NC_0026,5,5,OUTER_TEST,True
STRAIN_000808,NC_0430,3,5,INNER_TRAIN,True
STRAIN_000809,NC_0002,4,5,INNER_TRAIN,True
STRAIN_000810,NC_0036,1,5,INNER_TRAIN,True
STRAIN_000811,NC_0007,4,5,INNER_TRAIN,True
STRAIN_000812,NC_0080,2,5,INNER_VAL,True
STRAIN_000813,NC_0002,4,5,INNER_TRAIN,True
STRAIN_000814,NC_0005,5,5,OUTER_TEST,True
STRAIN_000815,NC_0045,4,5,INNER_VAL,True
STRAIN_000816,NC_0013,1,5,INNER_TRAIN,True
STRAIN_000817,NC_0001,1,5,INNER_TRAIN,True
STRAIN_000818,NC_0431,2,5,INNER_TRAIN,True
STRAIN_000819,NC_0007,4,5,INNER_TRAIN,True
STRAIN_000820,NC_0432,4,5,INNER_TRAIN,True
STRAIN_000821,NC_0433,4,5,INNER_VAL,True
STRAIN_000822,NC_0434,1,5,INNER_TRAIN,True
STRAIN_000823,NC_0007,4,5,INNER_TRAIN,True
STRAIN_000824,NC_0435,5,5,OUTER_TEST,True
STRAIN_000825,NC_0014,3,5,INNER_TRAIN,True
STRAIN_000826,NC_0436,4,5,INNER_TRAIN,True
STRAIN_000827,NC_0005,5,5,OUTER_TEST,True
STRAIN_000828,NC_0003,3,5,INNER_TRAIN,True
STRAIN_000829,NC_0017,1,5,INNER_TRAIN,True
STRAIN_000830,NC_0003,3,5,INNER_TRAIN,True
STRAIN_000831,NC_0026,5,5,OUTER_TEST,True
STRAIN_000833,NC_0437,5,5,OUTER_TEST,True
STRAIN_000834,NC_0083,2,5,INNER_TRAIN,True
STRAIN_000835,NC_0002,4,5,INNER_TRAIN,True
STRAIN_000837,NC_0002,4,5,INNER_TRAIN,True
STRAIN_000838,NC_0017,1,5,INNER_TRAIN,True
STRAIN_000839,NC_0438,3,5,INNER_TRAIN,True
STRAIN_000840,NC_0439,2,5,INNER_TRAIN,True
STRAIN_000841,NC_0003,3,5,INNER_TRAIN,True
STRAIN_000842,NC_0006,5,5,OUTER_TEST,True
STRAIN_000843,NC_0009,5,5,OUTER_TEST,True
STRAIN_000844,NC_0009,5,5,OUTER_TEST,True
STRAIN_000845,NC_0440,1,5,INNER_TRAIN,True
STRAIN_000846,NC_0001,1,5,INNER_TRAIN,True
STRAIN_000847,NC_0026,5,5,OUTER_TEST,True
STRAIN_000848,NC_0100,5,5,OUTER_TEST,True
STRAIN_000849,NC_0001,1,5,INNER_TRAIN,True
STRAIN_000850,NC_0038,3,5,INNER_TRAIN,True
STRAIN_000851,NC_0441,1,5,INNER_TRAIN,True
STRAIN_000852,NC_0002,4,5,INNER_TRAIN,True
STRAIN_000853,NC_0442,3,5,INNER_VAL,True
STRAIN_000854,NC_0001,1,5,INNER_TRAIN,True
STRAIN_000855,NC_0019,2,5,INNER_TRAIN,True
STRAIN_000856,NC_0443,2,5,INNER_TRAIN,True
STRAIN_000857,NC_0008,2,5,INNER_TRAIN,True
STRAIN_000858,NC_0015,3,5,INNER_TRAIN,True
STRAIN_000859,NC_0008,2,5,INNER_TRAIN,True
STRAIN_000860,NC_0027,5,5,OUTER_TEST,True
STRAIN_000861,NC_0444,3,5,INNER_TRAIN,True
STRAIN_000862,NC_0001,1,5,INNER_TRAIN,True
STRAIN_000863,NC_0028,3,5,INNER_TRAIN,True
STRAIN_000864,NC_0001,1,5,INNER_TRAIN,True
STRAIN_000865,NC_0001,1,5,INNER_TRAIN,True
STRAIN_000866,NC_0445,2,5,INNER_TRAIN,True
STRAIN_000867,NC_0013,1,5,INNER_TRAIN,True
STRAIN_000868,NC_0059,3,5,INNER_TRAIN,True
STRAIN_000869,NC_0019,2,5,INNER_TRAIN,True
STRAIN_000870,NC_0446,5,5,OUTER_TEST,True
STRAIN_000871,NC_0447,3,5,INNER_TRAIN,True
STRAIN_000872,NC_0448,5,5,OUTER_TEST,True
STRAIN_000873,NC_0449,3,5,INNER_TRAIN,True
STRAIN_000874,NC_0450,2,5,INNER_TRAIN,True
STRAIN_000875,NC_0024,4,5,INNER_TRAIN,True
STRAIN_000876,NC_0451,1,5,INNER_TRAIN,True
STRAIN_000877,NC_0001,1,5,INNER_TRAIN,True
STRAIN_000878,NC_0025,3,5,INNER_TRAIN,True
STRAIN_000879,NC_0005,5,5,OUTER_TEST,True
STRAIN_000880,NC_0002,4,5,INNER_TRAIN,True
STRAIN_000881,NC_0452,2,5,INNER_TRAIN,True
STRAIN_000882,NC_0097,2,5,INNER_TRAIN,True
STRAIN_000883,NC_0008,2,5,INNER_TRAIN,True
STRAIN_000884,NC_0010,3,5,INNER_TRAIN,True
STRAIN_000885,NC_0002,4,5,INNER_TRAIN,True
STRAIN_000886,NC_0090,3,5,INNER_TRAIN,True
STRAIN_000887,NC_0010,3,5,INNER_TRAIN,True
STRAIN_000888,NC_0001,1,5,INNER_TRAIN,True
STRAIN_000889,NC_0453,3,5,INNER_TRAIN,True
STRAIN_000890,NC_0002,4,5,INNER_TRAIN,True
STRAIN_000891,NC_0454,3,5,INNER_VAL,True
STRAIN_000892,NC_0106,4,5,INNER_TRAIN,True
STRAIN_000893,NC_0455,2,5,INNER_TRAIN,True
STRAIN_000894,NC_0055,5,5,OUTER_TEST,True
STRAIN_000895,NC_0456,3,5,INNER_TRAIN,True
STRAIN_000896,NC_0002,4,5,INNER_TRAIN,True
STRAIN_000897,NC_0006,5,5,OUTER_TEST,True
STRAIN_000898,NC_0010,3,5,INNER_TRAIN,True
STRAIN_000899,NC_0001,1,5,INNER_TRAIN,True
STRAIN_000900,NC_0004,2,5,INNER_TRAIN,True
STRAIN_000901,NC_0037,5,5,OUTER_TEST,True
STRAIN_000902,NC_0457,3,5,INNER_TRAIN,True
STRAIN_000903,NC_0019,2,5,INNER_TRAIN,True
STRAIN_000904,NC_0019,2,5,INNER_TRAIN,True
STRAIN_000905,NC_0458,2,5,INNER_VAL,True
STRAIN_000906,NC_0046,4,5,INNER_TRAIN,True
STRAIN_000907,NC_0459,4,5,INNER_TRAIN,True
STRAIN_000908,NC_0043,5,5,OUTER_TEST,True
STRAIN_000909,NC_0008,2,5,INNER_TRAIN,True
STRAIN_000910,NC_0015,3,5,INNER_TRAIN,True
STRAIN_000911,NC_0002,4,5,INNER_TRAIN,True
STRAIN_000912,NC_0020,2,5,INNER_TRAIN,True
STRAIN_000913,NC_0001,1,5,INNER_TRAIN,True
STRAIN_000914,NC_0460,4,5,INNER_TRAIN,True
STRAIN_000915,NC_0461,4,5,INNER_TRAIN,True
STRAIN_000916,NC_0462,3,5,INNER_TRAIN,True
STRAIN_000917,NC_0013,1,5,INNER_TRAIN,True
STRAIN_000918,NC_0463,5,5,OUTER_TEST,True
STRAIN_000919,NC_0020,2,5,INNER_TRAIN,True
STRAIN_000920,NC_0001,1,5,INNER_TRAIN,True
STRAIN_000921,NC_0007,4,5,INNER_TRAIN,True
STRAIN_000922,NC_0002,4,5,INNER_TRAIN,True
STRAIN_000923,NC_0464,3,5,INNER_TRAIN,True
STRAIN_000924,NC_0017,1,5,INNER_TRAIN,True
STRAIN_000925,NC_0465,5,5,OUTER_TEST,True
STRAIN_000926,NC_0466,3,5,INNER_TRAIN,True
STRAIN_000927,NC_0093,3,5,INNER_TRAIN,True
STRAIN_000928,NC_0096,5,5,OUTER_TEST,True
STRAIN_000929,NC_0020,2,5,INNER_TRAIN,True
STRAIN_000930,NC_0023,4,5,INNER_VAL,True
STRAIN_000931,NC_0024,4,5,INNER_TRAIN,True
STRAIN_000932,NC_0006,5,5,OUTER_TEST,True
STRAIN_000933,NC_0467,4,5,INNER_TRAIN,True
STRAIN_000934,NC_0468,4,5,INNER_TRAIN,True
STRAIN_000935,NC_0008,2,5,INNER_TRAIN,True
STRAIN_000936,NC_0031,1,5,INNER_VAL,True
STRAIN_000937,NC_0031,1,5,INNER_VAL,True
STRAIN_000938,NC_0010,3,5,INNER_TRAIN,True
STRAIN_000939,NC_0010,3,5,INNER_TRAIN,True
STRAIN_000940,NC_0469,4,5,INNER_TRAIN,True
STRAIN_000941,NC_0470,2,5,INNER_TRAIN,True
STRAIN_000942,NC_0042,2,5,INNER_TRAIN,True
STRAIN_000943,NC_0015,3,5,INNER_TRAIN,True
STRAIN_000944,NC_0471,4,5,INNER_TRAIN,True
STRAIN_000945,NC_0472,3,5,INNER_TRAIN,True
STRAIN_000946,NC_0006,5,5,OUTER_TEST,True
STRAIN_000947,NC_0098,3,5,INNER_TRAIN,True
STRAIN_000948,NC_0473,3,5,INNER_VAL,True
STRAIN_000949,NC_0017,1,5,INNER_TRAIN,True
STRAIN_000950,NC_0079,5,5,OUTER_TEST,True
STRAIN_000951,NC_0008,2,5,INNER_TRAIN,True
STRAIN_000952,NC_0474,3,5,INNER_TRAIN,True
STRAIN_000953,NC_0475,3,5,INNER_TRAIN,True
STRAIN_000955,NC_0476,1,5,INNER_TRAIN,True
STRAIN_000956,NC_0099,4,5,INNER_TRAIN,True
STRAIN_000957,NC_0006,5,5,OUTER_TEST,True
STRAIN_000958,NC_0006,5,5,OUTER_TEST,True
STRAIN_000959,NC_0006,5,5,OUTER_TEST,True
STRAIN_000964,NC_0003,3,5,INNER_TRAIN,True
STRAIN_000967,NC_0062,1,5,INNER_TRAIN,True
STRAIN_000969,NC_0477,2,5,INNER_VAL,True
STRAIN_000970,NC_0001,1,5,INNER_TRAIN,True
STRAIN_000975,NC_0478,1,5,INNER_TRAIN,True
STRAIN_000976,NC_0479,2,5,INNER_TRAIN,True
STRAIN_000977,NC_0057,2,5,INNER_VAL,True
STRAIN_000979,NC_0480,2,5,INNER_TRAIN,True
STRAIN_000980,NC_0006,5,5,OUTER_TEST,True
STRAIN_000985,NC_0026,5,5,OUTER_TEST,True
STRAIN_000988,NC_0102,4,5,INNER_TRAIN,True
STRAIN_000989,NC_0003,3,5,INNER_TRAIN,True
STRAIN_000990,NC_0003,3,5,INNER_TRAIN,True
STRAIN_000991,NC_0031,1,5,INNER_VAL,True
STRAIN_000993,NC_0084,1,5,INNER_TRAIN,True
STRAIN_000994,NC_0001,1,5,INNER_TRAIN,True
STRAIN_000995,NC_0004,2,5,INNER_TRAIN,True
STRAIN_000998,NC_0016,4,5,INNER_TRAIN,True
STRAIN_001005,NC_0063,5,5,OUTER_TEST,True
STRAIN_001006,NC_0107,1,5,INNER_TRAIN,True
STRAIN_001007,NC_0107,1,5,INNER_TRAIN,True
STRAIN_001008,NC_0481,5,5,OUTER_TEST,True
STRAIN_001009,NC_0482,1,5,INNER_TRAIN,True
STRAIN_001010,NC_0022,3,5,INNER_TRAIN,True
STRAIN_001011,NC_0483,3,5,INNER_VAL,True
STRAIN_001012,NC_0484,3,5,INNER_VAL,True
STRAIN_001013,NC_0485,1,5,INNER_VAL,True
STRAIN_001014,NC_0006,5,5,OUTER_TEST,True
STRAIN_001015,NC_0077,2,5,INNER_TRAIN,True
STRAIN_001016,NC_0486,4,5,INNER_TRAIN,True
STRAIN_001017,NC_0018,5,5,OUTER_TEST,True
STRAIN_001018,NC_0063,5,5,OUTER_TEST,True
STRAIN_001019,NC_0053,1,5,INNER_TRAIN,True
STRAIN_001021,NC_0001,1,5,INNER_TRAIN,True
STRAIN_001022,NC_0487,3,5,INNER_TRAIN,True
STRAIN_001023,NC_0488,4,5,INNER_TRAIN,True
STRAIN_001024,NC_0106,4,5,INNER_TRAIN,True
STRAIN_001025,NC_0006,5,5,OUTER_TEST,True
