relative_path	filename	size_bytes
china/chinese_strains.tsv	chinese_strains.tsv	7470
china/keylab/Bifidobacterium_animalis_Probio-M8.fa.gz	Bifidobacterium_animalis_Probio-M8.fa.gz	576541
china/keylab/Bifidobacterium_animalis_subsp._lactis_ProSci-246.fa.gz	Bifidobacterium_animalis_subsp._lactis_ProSci-246.fa.gz	593650
china/keylab/Bifidobacterium_animalis_subsp._lactis_V9.fa.gz	Bifidobacterium_animalis_subsp._lactis_V9.fa.gz	590497
china/keylab/Bifidobacterium_animalis_subsp._lactis__BB-69.fa.gz	Bifidobacterium_animalis_subsp._lactis__BB-69.fa.gz	601810
china/keylab/Bifidobacterium_animalis_subsp._lactis__Bbm-19.fa.gz	Bifidobacterium_animalis_subsp._lactis__Bbm-19.fa.gz	593712
china/keylab/Bifidobacterium_breve_BX-18.fa.gz	Bifidobacterium_breve_BX-18.fa.gz	602579
china/keylab/Bifidobacterium_infantis_B8762.fa.gz	Bifidobacterium_infantis_B8762.fa.gz	826602
china/keylab/Lacticaseibacillus_casei_Zhang.fa.gz	Lacticaseibacillus_casei_Zhang.fa.gz	893625
china/keylab/Lacticaseibacillus_paracasei_PC-01.fa.gz	Lacticaseibacillus_paracasei_PC-01.fa.gz	875521
china/keylab/Lacticaseibacillus_rhamnosus_Probio-M9.fa.gz	Lacticaseibacillus_rhamnosus_Probio-M9.fa.gz	899167
china/keylab/Lactiplantibacillus_plantarum_P-8.fa.gz	Lactiplantibacillus_plantarum_P-8.fa.gz	1001888
china/keylab/Lactiplantibacillus_plantarum_P9.fa.gz	Lactiplantibacillus_plantarum_P9.fa.gz	1036344
china/keylab/Lactobacillus_acidophilus_LA-06.fa.gz	Lactobacillus_acidophilus_LA-06.fa.gz	682231
china/keylab/Limosilactobacillus_fermentum_UP-1.fa.gz	Limosilactobacillus_fermentum_UP-1.fa.gz	710478
china/ncbi/GCA_000017965.1.fa.gz	GCA_000017965.1.fa.gz	1424609
china/ncbi/GCA_000019245.3.fa.gz	GCA_000019245.3.fa.gz	862966
china/ncbi/GCA_000092765.1.fa.gz	GCA_000092765.1.fa.gz	568349
china/ncbi/GCA_000166315.1.fa.gz	GCA_000166315.1.fa.gz	668390
china/ncbi/GCA_000182835.1.fa.gz	GCA_000182835.1.fa.gz	628294
china/ncbi/GCA_000182875.1.fa.gz	GCA_000182875.1.fa.gz	542325
china/ncbi/GCA_000189515.1.fa.gz	GCA_000189515.1.fa.gz	636223
china/ncbi/GCA_000191165.1.fa.gz	GCA_000191165.1.fa.gz	550688
china/ncbi/GCA_000192705.1.fa.gz	GCA_000192705.1.fa.gz	735603
china/ncbi/GCA_000194765.1.fa.gz	GCA_000194765.1.fa.gz	931347
china/ncbi/GCA_000194785.1.fa.gz	GCA_000194785.1.fa.gz	915346
china/ncbi/GCA_000226235.1.fa.gz	GCA_000226235.1.fa.gz	858482
china/ncbi/GCA_000392485.2.fa.gz	GCA_000392485.2.fa.gz	967274
china/ncbi/GCA_000397165.1.fa.gz	GCA_000397165.1.fa.gz	610529
china/ncbi/GCA_000410995.1.fa.gz	GCA_000410995.1.fa.gz	619017
china/ncbi/GCA_000525715.1.fa.gz	GCA_000525715.1.fa.gz	548080
china/ncbi/GCA_000695895.1.fa.gz	GCA_000695895.1.fa.gz	564343
china/ncbi/GCA_000764285.1.fa.gz	GCA_000764285.1.fa.gz	986490
china/ncbi/GCA_000816205.1.fa.gz	GCA_000816205.1.fa.gz	568880
china/ncbi/GCA_000817045.1.fa.gz	GCA_000817045.1.fa.gz	570002
china/ncbi/GCA_000817995.1.fa.gz	GCA_000817995.1.fa.gz	638187
china/ncbi/GCA_001191565.1.fa.gz	GCA_001191565.1.fa.gz	883154
china/ncbi/GCA_001244395.1.fa.gz	GCA_001244395.1.fa.gz	910918
china/ncbi/GCA_001278015.1.fa.gz	GCA_001278015.1.fa.gz	965944
china/ncbi/GCA_001308285.1.fa.gz	GCA_001308285.1.fa.gz	631861
china/ncbi/GCA_001514435.1.fa.gz	GCA_001514435.1.fa.gz	528887
china/ncbi/GCA_001617525.2.fa.gz	GCA_001617525.2.fa.gz	976147
china/ncbi/GCA_001685375.1.fa.gz	GCA_001685375.1.fa.gz	531262
china/ncbi/GCA_002075105.1.fa.gz	GCA_002075105.1.fa.gz	474370
china/ncbi/GCA_002205775.2.fa.gz	GCA_002205775.2.fa.gz	955095
china/ncbi/GCA_002946455.1.fa.gz	GCA_002946455.1.fa.gz	1059192
china/ncbi/GCA_002960215.1.fa.gz	GCA_002960215.1.fa.gz	887581
china/ncbi/GCA_003433395.1.fa.gz	GCA_003433395.1.fa.gz	887620
china/ncbi/GCA_003709415.1.fa.gz	GCA_003709415.1.fa.gz	1005705
china/ncbi/GCA_003999605.1.fa.gz	GCA_003999605.1.fa.gz	890444
china/ncbi/GCA_004135895.1.fa.gz	GCA_004135895.1.fa.gz	565946
china/ncbi/GCA_011022295.1.fa.gz	GCA_011022295.1.fa.gz	967670
china/ncbi/GCA_013167115.1.fa.gz	GCA_013167115.1.fa.gz	868859
china/ncbi/GCA_013867595.1.fa.gz	GCA_013867595.1.fa.gz	873322
china/ncbi/GCA_021199095.1.fa.gz	GCA_021199095.1.fa.gz	952029
china/ncbi/GCA_021292855.1.fa.gz	GCA_021292855.1.fa.gz	554889
china/ncbi/GCA_021297595.1.fa.gz	GCA_021297595.1.fa.gz	553782
china/ncbi/GCA_021297695.1.fa.gz	GCA_021297695.1.fa.gz	553070
china/ncbi/GCA_021560135.1.fa.gz	GCA_021560135.1.fa.gz	965819
china/ncbi/GCA_023612195.1.fa.gz	GCA_023612195.1.fa.gz	602175
china/ncbi/GCA_025631195.1.fa.gz	GCA_025631195.1.fa.gz	889974
china/ncbi/GCA_028369155.1.fa.gz	GCA_028369155.1.fa.gz	653694
china/ncbi/GCA_029541965.1.fa.gz	GCA_029541965.1.fa.gz	677914
china/ncbi/GCA_036880975.1.fa.gz	GCA_036880975.1.fa.gz	945156
ncbi/.download_tmp/GCA_001940585.1.fna.gz	GCA_001940585.1.fna.gz	910831
ncbi/.quarantine_20260804/repair_20260804/GCA_000466905.1.fa.gz	GCA_000466905.1.fa.gz	927714
ncbi/.quarantine_20260804/repair_20260804/GCA_000736295.2.fa.gz	GCA_000736295.2.fa.gz	791683
ncbi/.quarantine_20260804/repair_20260804/GCA_000736295.3.fa.gz	GCA_000736295.3.fa.gz	788471
ncbi/.quarantine_20260804/repair_20260804/GCA_051388095.1.fa.gz	GCA_051388095.1.fa.gz	782480
ncbi/.quarantine_20260804/repair_20260804/GCA_051388735.1.fa.gz	GCA_051388735.1.fa.gz	858664
ncbi/.quarantine_20260804/repair_20260804/GCA_052284685.1.fa.gz	GCA_052284685.1.fa.gz	632432
ncbi/.quarantine_20260804/repair_20260804/GCA_053901865.1.fa.gz	GCA_053901865.1.fa.gz	784016
ncbi/.quarantine_20260804/repair_20260804/GCA_054852885.1.fa.gz	GCA_054852885.1.fa.gz	635397
ncbi/.quarantine_20260804/repair_20260804/GCA_056172775.1.fa.gz	GCA_056172775.1.fa.gz	253320
ncbi/.quarantine_20260804/repair_20260804/GCA_982235515.1.fa.gz	GCA_982235515.1.fa.gz	437536
ncbi/.quarantine_20260804/repair_20260804/GCA_982332205.1.fa.gz	GCA_982332205.1.fa.gz	270896
ncbi/.quarantine_20260804/repair_20260804/GCA_982400935.1.fa.gz	GCA_982400935.1.fa.gz	283360
ncbi/1678.111.fa.gz	1678.111.fa.gz	808298
ncbi/43380_2_239.fa.gz	43380_2_239.fa.gz	868622
ncbi/43380_2_241.fa.gz	43380_2_241.fa.gz	801370
ncbi/GCA_000003135.1.fa.gz	GCA_000003135.1.fa.gz	703237
ncbi/GCA_000005845.2.fa.gz	GCA_000005845.2.fa.gz	1379898
ncbi/GCA_000006765.1.fa.gz	GCA_000006765.1.fa.gz	1787218
ncbi/GCA_000006865.1.fa.gz	GCA_000006865.1.fa.gz	689890
ncbi/GCA_000006965.1.fa.gz	GCA_000006965.1.fa.gz	1956420
ncbi/GCA_000007525.1.fa.gz	GCA_000007525.1.fa.gz	665415
ncbi/GCA_000008065.1.fa.gz	GCA_000008065.1.fa.gz	578294
ncbi/GCA_000008925.1.fa.gz	GCA_000008925.1.fa.gz	619821
ncbi/GCA_000008945.1.fa.gz	GCA_000008945.1.fa.gz	702571
ncbi/GCA_000009045.1.fa.gz	GCA_000009045.1.fa.gz	1248416
ncbi/GCA_000009425.1.fa.gz	GCA_000009425.1.fa.gz	739639
ncbi/GCA_000009825.1.fa.gz	GCA_000009825.1.fa.gz	1280535
ncbi/GCA_000010005.1.fa.gz	GCA_000010005.1.fa.gz	603714
ncbi/GCA_000010145.1.fa.gz	GCA_000010145.1.fa.gz	620733
ncbi/GCA_000010425.1.fa.gz	GCA_000010425.1.fa.gz	614061
ncbi/GCA_000010525.1.fa.gz	GCA_000010525.1.fa.gz	1535425
ncbi/GCA_000010725.1.fa.gz	GCA_000010725.1.fa.gz	2157102
ncbi/GCA_000011045.1.fa.gz	GCA_000011045.1.fa.gz	892297
ncbi/GCA_000011365.1.fa.gz	GCA_000011365.1.fa.gz	2632164
ncbi/GCA_000011825.1.fa.gz	GCA_000011825.1.fa.gz	531548
ncbi/GCA_000011845.1.fa.gz	GCA_000011845.1.fa.gz	531458
ncbi/GCA_000012905.2.fa.gz	GCA_000012905.2.fa.gz	1303712
ncbi/GCA_000013345.1.fa.gz	GCA_000013345.1.fa.gz	1538577
ncbi/GCA_000014385.1.fa.gz	GCA_000014385.1.fa.gz	524701
ncbi/GCA_000014405.1.fa.gz	GCA_000014405.1.fa.gz	547750
ncbi/GCA_000014425.1.fa.gz	GCA_000014425.1.fa.gz	551377
ncbi/GCA_000014445.1.fa.gz	GCA_000014445.1.fa.gz	614094
ncbi/GCA_000014465.1.fa.gz	GCA_000014465.1.fa.gz	699947
ncbi/GCA_000014485.1.fa.gz	GCA_000014485.1.fa.gz	551424
ncbi/GCA_000014505.1.fa.gz	GCA_000014505.1.fa.gz	542024
ncbi/GCA_000014525.1.fa.gz	GCA_000014525.1.fa.gz	867615
ncbi/GCA_000014545.1.fa.gz	GCA_000014545.1.fa.gz	759051
ncbi/GCA_000015385.1.fa.gz	GCA_000015385.1.fa.gz	607478
ncbi/GCA_000016325.1.fa.gz	GCA_000016325.1.fa.gz	1390566
ncbi/GCA_000016825.1.fa.gz	GCA_000016825.1.fa.gz	591892
ncbi/GCA_000019045.1.fa.gz	GCA_000019045.1.fa.gz	834965
ncbi/GCA_000019965.1.fa.gz	GCA_000019965.1.fa.gz	1719015
ncbi/GCA_000020225.1.fa.gz	GCA_000020225.1.fa.gz	783592
ncbi/GCA_000020425.1.fa.gz	GCA_000020425.1.fa.gz	832891
ncbi/GCA_000021325.1.fa.gz	GCA_000021325.1.fa.gz	1120365
ncbi/GCA_000021425.1.fa.gz	GCA_000021425.1.fa.gz	566648
ncbi/GCA_000022705.1.fa.gz	GCA_000022705.1.fa.gz	567099
ncbi/GCA_000022965.1.fa.gz	GCA_000022965.1.fa.gz	566970
ncbi/GCA_000023085.1.fa.gz	GCA_000023085.1.fa.gz	953763
ncbi/GCA_000023205.1.fa.gz	GCA_000023205.1.fa.gz	691998
ncbi/GCA_000023585.1.fa.gz	GCA_000023585.1.fa.gz	2135499
ncbi/GCA_000024445.1.fa.gz	GCA_000024445.1.fa.gz	776875
ncbi/GCA_000025045.1.fa.gz	GCA_000025045.1.fa.gz	768894
ncbi/GCA_000025245.2.fa.gz	GCA_000025245.2.fa.gz	568377
ncbi/GCA_000025965.1.fa.gz	GCA_000025965.1.fa.gz	1362992
ncbi/GCA_000025985.1.fa.gz	GCA_000025985.1.fa.gz	1561582
ncbi/GCA_000026185.1.fa.gz	GCA_000026185.1.fa.gz	1208180
ncbi/GCA_000026485.1.fa.gz	GCA_000026485.1.fa.gz	916536
ncbi/GCA_000026505.1.fa.gz	GCA_000026505.1.fa.gz	893496
ncbi/GCA_000026525.1.fa.gz	GCA_000026525.1.fa.gz	900731
ncbi/GCA_000046845.1.fa.gz	GCA_000046845.1.fa.gz	1067383
ncbi/GCA_000056065.1.fa.gz	GCA_000056065.1.fa.gz	549673
ncbi/GCA_000091725.1.fa.gz	GCA_000091725.1.fa.gz	749191
ncbi/GCA_000092325.1.fa.gz	GCA_000092325.1.fa.gz	730298
ncbi/GCA_000143205.1.fa.gz	GCA_000143205.1.fa.gz	739903
ncbi/GCA_000143435.1.fa.gz	GCA_000143435.1.fa.gz	624822
ncbi/GCA_000143745.1.fa.gz	GCA_000143745.1.fa.gz	957163
ncbi/GCA_000145235.1.fa.gz	GCA_000145235.1.fa.gz	1934402
ncbi/GCA_000146775.1.fa.gz	GCA_000146775.1.fa.gz	777617
ncbi/GCA_000148815.2.fa.gz	GCA_000148815.2.fa.gz	986598
ncbi/GCA_000154085.1.fa.gz	GCA_000154085.1.fa.gz	701288
ncbi/GCA_000154765.2.fa.gz	GCA_000154765.2.fa.gz	1246646
ncbi/GCA_000155355.1.fa.gz	GCA_000155355.1.fa.gz	1240685
ncbi/GCA_000155375.1.fa.gz	GCA_000155375.1.fa.gz	1248483
ncbi/GCA_000155395.1.fa.gz	GCA_000155395.1.fa.gz	638761
ncbi/GCA_000155515.2.fa.gz	GCA_000155515.2.fa.gz	900721
ncbi/GCA_000158015.1.fa.gz	GCA_000158015.1.fa.gz	691029
ncbi/GCA_000159215.1.fa.gz	GCA_000159215.1.fa.gz	539016
ncbi/GCA_000159395.1.fa.gz	GCA_000159395.1.fa.gz	581884
ncbi/GCA_000159455.2.fa.gz	GCA_000159455.2.fa.gz	679105
ncbi/GCA_000159715.1.fa.gz	GCA_000159715.1.fa.gz	587265
ncbi/GCA_000160715.1.fa.gz	GCA_000160715.1.fa.gz	582036
ncbi/GCA_000164965.1.fa.gz	GCA_000164965.1.fa.gz	636581
ncbi/GCA_000165775.3.fa.gz	GCA_000165775.3.fa.gz	623427
ncbi/GCA_000165885.1.fa.gz	GCA_000165885.1.fa.gz	672641
ncbi/GCA_000165905.1.fa.gz	GCA_000165905.1.fa.gz	645019
ncbi/GCA_000168255.1.fa.gz	GCA_000168255.1.fa.gz	679022
ncbi/GCA_000173255.3.fa.gz	GCA_000173255.3.fa.gz	887236
ncbi/GCA_000175935.2.fa.gz	GCA_000175935.2.fa.gz	1870155
ncbi/GCA_000186085.1.fa.gz	GCA_000186085.1.fa.gz	1273079
ncbi/GCA_000187705.1.fa.gz	GCA_000187705.1.fa.gz	1666109
ncbi/GCA_000195375.2.fa.gz	GCA_000195375.2.fa.gz	784814
ncbi/GCA_000195575.1.fa.gz	GCA_000195575.1.fa.gz	787248
ncbi/GCA_000195775.2.fa.gz	GCA_000195775.2.fa.gz	1571580
ncbi/GCA_000196175.1.fa.gz	GCA_000196175.1.fa.gz	1124832
ncbi/GCA_000196555.1.fa.gz	GCA_000196555.1.fa.gz	700583
ncbi/GCA_000196575.1.fa.gz	GCA_000196575.1.fa.gz	708602
ncbi/GCA_000196735.1.fa.gz	GCA_000196735.1.fa.gz	1175179
ncbi/GCA_000203855.3.fa.gz	GCA_000203855.3.fa.gz	999266
ncbi/GCA_000210755.1.fa.gz	GCA_000210755.1.fa.gz	700477
ncbi/GCA_000214785.1.fa.gz	GCA_000214785.1.fa.gz	692683
ncbi/GCA_000219455.1.fa.gz	GCA_000219455.1.fa.gz	707056
ncbi/GCA_000219805.1.fa.gz	GCA_000219805.1.fa.gz	422669
ncbi/GCA_000220135.1.fa.gz	GCA_000220135.1.fa.gz	716145
ncbi/GCA_000220885.1.fa.gz	GCA_000220885.1.fa.gz	567870
ncbi/GCA_000224965.2.fa.gz	GCA_000224965.2.fa.gz	566990
ncbi/GCA_000225385.2.fa.gz	GCA_000225385.2.fa.gz	687665
ncbi/GCA_000226175.2.fa.gz	GCA_000226175.2.fa.gz	710561
ncbi/GCA_000227485.1.fa.gz	GCA_000227485.1.fa.gz	1188470
ncbi/GCA_000235785.2.fa.gz	GCA_000235785.2.fa.gz	864381
ncbi/GCA_000236455.2.fa.gz	GCA_000236455.2.fa.gz	617718
ncbi/GCA_000236475.1.fa.gz	GCA_000236475.1.fa.gz	751091
ncbi/GCA_000247735.2.fa.gz	GCA_000247735.2.fa.gz	958106
ncbi/GCA_000248095.3.fa.gz	GCA_000248095.3.fa.gz	717218
ncbi/GCA_000253395.1.fa.gz	GCA_000253395.1.fa.gz	570023
ncbi/GCA_000260715.1.fa.gz	GCA_000260715.1.fa.gz	565532
ncbi/GCA_000262325.2.fa.gz	GCA_000262325.2.fa.gz	1766601
ncbi/GCA_000262675.1.fa.gz	GCA_000262675.1.fa.gz	547512
ncbi/GCA_000265095.1.fa.gz	GCA_000265095.1.fa.gz	647496
ncbi/GCA_000269965.1.fa.gz	GCA_000269965.1.fa.gz	832309
ncbi/GCA_000277325.1.fa.gz	GCA_000277325.1.fa.gz	566903
ncbi/GCA_000277345.1.fa.gz	GCA_000277345.1.fa.gz	566990
ncbi/GCA_000283495.2.fa.gz	GCA_000283495.2.fa.gz	726261
ncbi/GCA_000283615.1.fa.gz	GCA_000283615.1.fa.gz	753809
ncbi/GCA_000286295.1.fa.gz	GCA_000286295.1.fa.gz	715867
ncbi/GCA_000304215.1.fa.gz	GCA_000304215.1.fa.gz	636847
ncbi/GCA_000309565.2.fa.gz	GCA_000309565.2.fa.gz	865317
ncbi/GCA_000312685.1.fa.gz	GCA_000312685.1.fa.gz	713319
ncbi/GCA_000318035.1.fa.gz	GCA_000318035.1.fa.gz	932358
ncbi/GCA_000321395.1.fa.gz	GCA_000321395.1.fa.gz	1197801
ncbi/GCA_000335515.1.fa.gz	GCA_000335515.1.fa.gz	481861
ncbi/GCA_000338115.2.fa.gz	GCA_000338115.2.fa.gz	984993
ncbi/GCA_000344575.1.fa.gz	GCA_000344575.1.fa.gz	706264
ncbi/GCA_000344745.1.fa.gz	GCA_000344745.1.fa.gz	1248546
ncbi/GCA_000347695.1.fa.gz	GCA_000347695.1.fa.gz	673675
ncbi/GCA_000349795.1.fa.gz	GCA_000349795.1.fa.gz	1191079
ncbi/GCA_000359625.1.fa.gz	GCA_000359625.1.fa.gz	771971
ncbi/GCA_000388095.2.fa.gz	GCA_000388095.2.fa.gz	922840
ncbi/GCA_000389675.2.fa.gz	GCA_000389675.2.fa.gz	581861
ncbi/GCA_000400585.1.fa.gz	GCA_000400585.1.fa.gz	931849
ncbi/GCA_000412205.1.fa.gz	GCA_000412205.1.fa.gz	1002578
ncbi/GCA_000414215.2.fa.gz	GCA_000414215.2.fa.gz	568426
ncbi/GCA_000414365.1.fa.gz	GCA_000414365.1.fa.gz	1022132
ncbi/GCA_000418475.1.fa.gz	GCA_000418475.1.fa.gz	856715
ncbi/GCA_000418515.1.fa.gz	GCA_000418515.1.fa.gz	935985
ncbi/GCA_000422165.1.fa.gz	GCA_000422165.1.fa.gz	651162
ncbi/GCA_000439275.1.fa.gz	GCA_000439275.1.fa.gz	632254
ncbi/GCA_000466525.1.fa.gz	GCA_000466525.1.fa.gz	644635
ncbi/GCA_000466785.3.fa.gz	GCA_000466785.3.fa.gz	686165
ncbi/GCA_000466905.1.fa.gz	GCA_000466905.1.fa.gz	957246
ncbi/GCA_000468955.1.fa.gz	GCA_000468955.1.fa.gz	708786
ncbi/GCA_000469365.1.fa.gz	GCA_000469365.1.fa.gz	744699
ncbi/GCA_000469745.1.fa.gz	GCA_000469745.1.fa.gz	584519
ncbi/GCA_000471945.1.fa.gz	GCA_000471945.1.fa.gz	573829
ncbi/GCA_000472265.1.fa.gz	GCA_000472265.1.fa.gz	543982
ncbi/GCA_000473935.1.fa.gz	GCA_000473935.1.fa.gz	887761
ncbi/GCA_000477515.1.fa.gz	GCA_000477515.1.fa.gz	765756
ncbi/GCA_000478255.2.fa.gz	GCA_000478255.2.fa.gz	756563
ncbi/GCA_000478525.1.fa.gz	GCA_000478525.1.fa.gz	711359
ncbi/GCA_000479375.3.fa.gz	GCA_000479375.3.fa.gz	806646
ncbi/GCA_000496265.1.fa.gz	GCA_000496265.1.fa.gz	529578
ncbi/GCA_000497735.1.fa.gz	GCA_000497735.1.fa.gz	698810
ncbi/GCA_000497795.1.fa.gz	GCA_000497795.1.fa.gz	582675
ncbi/GCA_000508405.1.fa.gz	GCA_000508405.1.fa.gz	776923
ncbi/GCA_000510825.1.fa.gz	GCA_000510825.1.fa.gz	958549
ncbi/GCA_000521285.1.fa.gz	GCA_000521285.1.fa.gz	517867
ncbi/GCA_000521305.1.fa.gz	GCA_000521305.1.fa.gz	527017
ncbi/GCA_000521325.1.fa.gz	GCA_000521325.1.fa.gz	540189
ncbi/GCA_000568895.1.fa.gz	GCA_000568895.1.fa.gz	663661
ncbi/GCA_000568975.1.fa.gz	GCA_000568975.1.fa.gz	677261
ncbi/GCA_000569035.1.fa.gz	GCA_000569035.1.fa.gz	685316
ncbi/GCA_000572065.1.fa.gz	GCA_000572065.1.fa.gz	529001
ncbi/GCA_000572095.1.fa.gz	GCA_000572095.1.fa.gz	558277
ncbi/GCA_000582665.1.fa.gz	GCA_000582665.1.fa.gz	909618
ncbi/GCA_000604145.1.fa.gz	GCA_000604145.1.fa.gz	882158
ncbi/GCA_000612705.1.fa.gz	GCA_000612705.1.fa.gz	569771
ncbi/GCA_000615205.1.fa.gz	GCA_000615205.1.fa.gz	835959
ncbi/GCA_000615245.1.fa.gz	GCA_000615245.1.fa.gz	880007
ncbi/GCA_000698885.1.fa.gz	GCA_000698885.1.fa.gz	546576
ncbi/GCA_000699465.1.fa.gz	GCA_000699465.1.fa.gz	1240500
ncbi/GCA_000699525.1.fa.gz	GCA_000699525.1.fa.gz	1241986
ncbi/GCA_000702865.1.fa.gz	GCA_000702865.1.fa.gz	603606
ncbi/GCA_000706705.1.fa.gz	GCA_000706705.1.fa.gz	1198151
ncbi/GCA_000708005.1.fa.gz	GCA_000708005.1.fa.gz	691233
ncbi/GCA_000708735.1.fa.gz	GCA_000708735.1.fa.gz	2814
ncbi/GCA_000712495.1.fa.gz	GCA_000712495.1.fa.gz	907473
ncbi/GCA_000712555.1.fa.gz	GCA_000712555.1.fa.gz	612205
ncbi/GCA_000730125.1.fa.gz	GCA_000730125.1.fa.gz	761298
ncbi/GCA_000731855.1.fa.gz	GCA_000731855.1.fa.gz	993332
ncbi/GCA_000736295.2.fa.gz	GCA_000736295.2.fa.gz	815037
ncbi/GCA_000736295.3.fa.gz	GCA_000736295.3.fa.gz	811761
ncbi/GCA_000736295.4.fa.gz	GCA_000736295.4.fa.gz	621278
ncbi/GCA_000736295.5.fa.gz	GCA_000736295.5.fa.gz	758695
ncbi/GCA_000737885.1.fa.gz	GCA_000737885.1.fa.gz	646890
ncbi/GCA_000741085.1.fa.gz	GCA_000741085.1.fa.gz	643856
ncbi/GCA_000741245.1.fa.gz	GCA_000741245.1.fa.gz	701551
ncbi/GCA_000741415.1.fa.gz	GCA_000741415.1.fa.gz	678379
ncbi/GCA_000741495.1.fa.gz	GCA_000741495.1.fa.gz	619294
ncbi/GCA_000743075.1.fa.gz	GCA_000743075.1.fa.gz	875711
ncbi/GCA_000758185.1.fa.gz	GCA_000758185.1.fa.gz	590004
ncbi/GCA_000762955.1.fa.gz	GCA_000762955.1.fa.gz	1043919
ncbi/GCA_000771445.1.fa.gz	GCA_000771445.1.fa.gz	679924
ncbi/GCA_000771485.1.fa.gz	GCA_000771485.1.fa.gz	645899
ncbi/GCA_000772485.1.fa.gz	GCA_000772485.1.fa.gz	686847
ncbi/GCA_000800475.2.fa.gz	GCA_000800475.2.fa.gz	587640
ncbi/GCA_000807375.1.fa.gz	GCA_000807375.1.fa.gz	726500
ncbi/GCA_000807975.1.fa.gz	GCA_000807975.1.fa.gz	811125
ncbi/GCA_000817975.1.fa.gz	GCA_000817975.1.fa.gz	1489927
ncbi/GCA_000818055.1.fa.gz	GCA_000818055.1.fa.gz	567071
ncbi/GCA_000825065.1.fa.gz	GCA_000825065.1.fa.gz	856490
ncbi/GCA_000825085.1.fa.gz	GCA_000825085.1.fa.gz	866484
ncbi/GCA_000825105.1.fa.gz	GCA_000825105.1.fa.gz	855055
ncbi/GCA_000825125.1.fa.gz	GCA_000825125.1.fa.gz	855967
ncbi/GCA_000825145.1.fa.gz	GCA_000825145.1.fa.gz	856019
ncbi/GCA_000827065.1.fa.gz	GCA_000827065.1.fa.gz	1242417
ncbi/GCA_000829035.1.fa.gz	GCA_000829035.1.fa.gz	897194
ncbi/GCA_000829055.1.fa.gz	GCA_000829055.1.fa.gz	873492
ncbi/GCA_000829295.1.fa.gz	GCA_000829295.1.fa.gz	673760
ncbi/GCA_000830535.1.fa.gz	GCA_000830535.1.fa.gz	1010063
ncbi/GCA_000832905.1.fa.gz	GCA_000832905.1.fa.gz	985629
ncbi/GCA_000835975.1.fa.gz	GCA_000835975.1.fa.gz	749344
ncbi/GCA_000836595.1.fa.gz	GCA_000836595.1.fa.gz	515280
ncbi/GCA_000836675.1.fa.gz	GCA_000836675.1.fa.gz	544099
ncbi/GCA_000875905.1.fa.gz	GCA_000875905.1.fa.gz	734623
ncbi/GCA_000876545.1.fa.gz	GCA_000876545.1.fa.gz	1066867
ncbi/GCA_000931425.2.fa.gz	GCA_000931425.2.fa.gz	987867
ncbi/GCA_000932035.1.fa.gz	GCA_000932035.1.fa.gz	866619
ncbi/GCA_000934625.1.fa.gz	GCA_000934625.1.fa.gz	581974
ncbi/GCA_000940535.1.fa.gz	GCA_000940535.1.fa.gz	667946
ncbi/GCA_000949485.1.fa.gz	GCA_000949485.1.fa.gz	907951
ncbi/GCA_000956195.1.fa.gz	GCA_000956195.1.fa.gz	974565
ncbi/GCA_000958525.1.fa.gz	GCA_000958525.1.fa.gz	1005995
ncbi/GCA_000961015.1.fa.gz	GCA_000961015.1.fa.gz	615382
ncbi/GCA_000966835.2.fa.gz	GCA_000966835.2.fa.gz	544200
ncbi/GCA_000971665.1.fa.gz	GCA_000971665.1.fa.gz	549643
ncbi/GCA_001005625.1.fa.gz	GCA_001005625.1.fa.gz	886820
ncbi/GCA_001005695.1.fa.gz	GCA_001005695.1.fa.gz	928667
ncbi/GCA_001005805.1.fa.gz	GCA_001005805.1.fa.gz	992047
ncbi/GCA_001006025.1.fa.gz	GCA_001006025.1.fa.gz	609529
ncbi/GCA_001008015.1.fa.gz	GCA_001008015.1.fa.gz	547690
ncbi/GCA_001010175.1.fa.gz	GCA_001010175.1.fa.gz	995708
ncbi/GCA_001010185.1.fa.gz	GCA_001010185.1.fa.gz	547494
ncbi/GCA_001010245.1.fa.gz	GCA_001010245.1.fa.gz	547701
ncbi/GCA_001010915.1.fa.gz	GCA_001010915.1.fa.gz	682866
ncbi/GCA_001010995.2.fa.gz	GCA_001010995.2.fa.gz	779084
ncbi/GCA_001013375.1.fa.gz	GCA_001013375.1.fa.gz	895014
ncbi/GCA_001020245.1.fa.gz	GCA_001020245.1.fa.gz	649463
ncbi/GCA_001020355.1.fa.gz	GCA_001020355.1.fa.gz	689393
ncbi/GCA_001020415.1.fa.gz	GCA_001020415.1.fa.gz	676799
ncbi/GCA_001025135.1.fa.gz	GCA_001025135.1.fa.gz	644731
ncbi/GCA_001025175.1.fa.gz	GCA_001025175.1.fa.gz	671810
ncbi/GCA_001025195.1.fa.gz	GCA_001025195.1.fa.gz	615162
ncbi/GCA_001025215.1.fa.gz	GCA_001025215.1.fa.gz	678208
ncbi/GCA_001039495.1.fa.gz	GCA_001039495.1.fa.gz	1087817
ncbi/GCA_001042595.1.fa.gz	GCA_001042595.1.fa.gz	776568
ncbi/GCA_001044085.1.fa.gz	GCA_001044085.1.fa.gz	826379
ncbi/GCA_001050555.1.fa.gz	GCA_001050555.1.fa.gz	691698
ncbi/GCA_001051015.2.fa.gz	GCA_001051015.2.fa.gz	726512
ncbi/GCA_001067215.1.fa.gz	GCA_001067215.1.fa.gz	905127
ncbi/GCA_001263975.1.fa.gz	GCA_001263975.1.fa.gz	562822
ncbi/GCA_001263985.1.fa.gz	GCA_001263985.1.fa.gz	562938
ncbi/GCA_001272315.2.fa.gz	GCA_001272315.2.fa.gz	976286
ncbi/GCA_001280285.1.fa.gz	GCA_001280285.1.fa.gz	554684
ncbi/GCA_001281305.1.fa.gz	GCA_001281305.1.fa.gz	761375
ncbi/GCA_001281345.1.fa.gz	GCA_001281345.1.fa.gz	643491
ncbi/GCA_001281425.1.fa.gz	GCA_001281425.1.fa.gz	715154
ncbi/GCA_001293145.1.fa.gz	GCA_001293145.1.fa.gz	723288
ncbi/GCA_001296095.1.fa.gz	GCA_001296095.1.fa.gz	954066
ncbi/GCA_001297905.1.fa.gz	GCA_001297905.1.fa.gz	600594
ncbi/GCA_001306395.1.fa.gz	GCA_001306395.1.fa.gz	530509
ncbi/GCA_001307325.1.fa.gz	GCA_001307325.1.fa.gz	1044104
ncbi/GCA_001308305.1.fa.gz	GCA_001308305.1.fa.gz	964229
ncbi/GCA_001311315.1.fa.gz	GCA_001311315.1.fa.gz	702381
ncbi/GCA_001331925.2.fa.gz	GCA_001331925.2.fa.gz	937499
ncbi/GCA_001368755.1.fa.gz	GCA_001368755.1.fa.gz	584443
ncbi/GCA_001368775.1.fa.gz	GCA_001368775.1.fa.gz	969630
ncbi/GCA_001433735.1.fa.gz	GCA_001433735.1.fa.gz	847711
ncbi/GCA_001433855.1.fa.gz	GCA_001433855.1.fa.gz	741739
ncbi/GCA_001433895.1.fa.gz	GCA_001433895.1.fa.gz	575251
ncbi/GCA_001434005.1.fa.gz	GCA_001434005.1.fa.gz	611638
ncbi/GCA_001435405.1.fa.gz	GCA_001435405.1.fa.gz	881083
ncbi/GCA_001436485.1.fa.gz	GCA_001436485.1.fa.gz	719183
ncbi/GCA_001444495.1.fa.gz	GCA_001444495.1.fa.gz	965322
ncbi/GCA_001446255.1.fa.gz	GCA_001446255.1.fa.gz	688095
ncbi/GCA_001446275.1.fa.gz	GCA_001446275.1.fa.gz	723408
ncbi/GCA_001447955.1.fa.gz	GCA_001447955.1.fa.gz	684482
ncbi/GCA_001447975.1.fa.gz	GCA_001447975.1.fa.gz	685772
ncbi/GCA_001465815.1.fa.gz	GCA_001465815.1.fa.gz	1193395
ncbi/GCA_001469775.1.fa.gz	GCA_001469775.1.fa.gz	552795
ncbi/GCA_001484005.1.fa.gz	GCA_001484005.1.fa.gz	990169
ncbi/GCA_001514415.1.fa.gz	GCA_001514415.1.fa.gz	865745
ncbi/GCA_001540905.1.fa.gz	GCA_001540905.1.fa.gz	733644
ncbi/GCA_001541605.1.fa.gz	GCA_001541605.1.fa.gz	779953
ncbi/GCA_001541905.1.fa.gz	GCA_001541905.1.fa.gz	1201535
ncbi/GCA_001581895.1.fa.gz	GCA_001581895.1.fa.gz	881544
ncbi/GCA_001618905.1.fa.gz	GCA_001618905.1.fa.gz	658223
ncbi/GCA_001619265.1.fa.gz	GCA_001619265.1.fa.gz	956411
ncbi/GCA_001633745.1.fa.gz	GCA_001633745.1.fa.gz	1004276
ncbi/GCA_001645365.1.fa.gz	GCA_001645365.1.fa.gz	741492
ncbi/GCA_001646605.1.fa.gz	GCA_001646605.1.fa.gz	1301676
ncbi/GCA_001657495.1.fa.gz	GCA_001657495.1.fa.gz	587535
ncbi/GCA_001659745.1.fa.gz	GCA_001659745.1.fa.gz	973924
ncbi/GCA_001660025.1.fa.gz	GCA_001660025.1.fa.gz	1018233
ncbi/GCA_001660525.1.fa.gz	GCA_001660525.1.fa.gz	1148088
ncbi/GCA_001660645.1.fa.gz	GCA_001660645.1.fa.gz	983366
ncbi/GCA_001663795.1.fa.gz	GCA_001663795.1.fa.gz	548504
ncbi/GCA_001672035.1.fa.gz	GCA_001672035.1.fa.gz	999695
ncbi/GCA_001676805.1.fa.gz	GCA_001676805.1.fa.gz	763702
ncbi/GCA_001697265.1.fa.gz	GCA_001697265.1.fa.gz	1247328
ncbi/GCA_001702095.1.fa.gz	GCA_001702095.1.fa.gz	598160
ncbi/GCA_001703495.1.fa.gz	GCA_001703495.1.fa.gz	1248280
ncbi/GCA_001705585.1.fa.gz	GCA_001705585.1.fa.gz	561669
ncbi/GCA_001715615.1.fa.gz	GCA_001715615.1.fa.gz	933685
ncbi/GCA_001719085.1.fa.gz	GCA_001719085.1.fa.gz	665743
ncbi/GCA_001720285.1.fa.gz	GCA_001720285.1.fa.gz	1028130
ncbi/GCA_001721925.1.fa.gz	GCA_001721925.1.fa.gz	871423
ncbi/GCA_001722065.1.fa.gz	GCA_001722065.1.fa.gz	856816
ncbi/GCA_001723545.1.fa.gz	GCA_001723545.1.fa.gz	574214
ncbi/GCA_001725985.1.fa.gz	GCA_001725985.1.fa.gz	713632
ncbi/GCA_001742205.1.fa.gz	GCA_001742205.1.fa.gz	577503
ncbi/GCA_001742965.1.fa.gz	GCA_001742965.1.fa.gz	947550
ncbi/GCA_001746265.2.fa.gz	GCA_001746265.2.fa.gz	596523
ncbi/GCA_001750745.1.fa.gz	GCA_001750745.1.fa.gz	1248941
ncbi/GCA_001754005.1.fa.gz	GCA_001754005.1.fa.gz	928864
ncbi/GCA_001831235.1.fa.gz	GCA_001831235.1.fa.gz	864333
ncbi/GCA_001854105.1.fa.gz	GCA_001854105.1.fa.gz	552142
ncbi/GCA_001855705.1.fa.gz	GCA_001855705.1.fa.gz	552935
ncbi/GCA_001856165.1.fa.gz	GCA_001856165.1.fa.gz	825509
ncbi/GCA_001880185.2.fa.gz	GCA_001880185.2.fa.gz	1065157
ncbi/GCA_001885295.1.fa.gz	GCA_001885295.1.fa.gz	828883
ncbi/GCA_001888275.1.fa.gz	GCA_001888275.1.fa.gz	1095913
ncbi/GCA_001888525.1.fa.gz	GCA_001888525.1.fa.gz	1015527
ncbi/GCA_001888645.1.fa.gz	GCA_001888645.1.fa.gz	939610
ncbi/GCA_001888655.1.fa.gz	GCA_001888655.1.fa.gz	957525
ncbi/GCA_001888735.1.fa.gz	GCA_001888735.1.fa.gz	990620
ncbi/GCA_001889975.1.fa.gz	GCA_001889975.1.fa.gz	668537
ncbi/GCA_001908455.1.fa.gz	GCA_001908455.1.fa.gz	1020163
ncbi/GCA_001940535.1.fa.gz	GCA_001940535.1.fa.gz	688079
ncbi/GCA_001940585.1.fa.gz	GCA_001940585.1.fa.gz	910831
ncbi/GCA_001941785.1.fa.gz	GCA_001941785.1.fa.gz	674519
ncbi/GCA_001950045.1.fa.gz	GCA_001950045.1.fa.gz	590306
ncbi/GCA_001953135.1.fa.gz	GCA_001953135.1.fa.gz	549575
ncbi/GCA_001982425.1.fa.gz	GCA_001982425.1.fa.gz	861771
ncbi/GCA_001988935.1.fa.gz	GCA_001988935.1.fa.gz	924592
ncbi/GCA_001990145.1.fa.gz	GCA_001990145.1.fa.gz	1031327
ncbi/GCA_001990225.1.fa.gz	GCA_001990225.1.fa.gz	709354
ncbi/GCA_002000885.1.fa.gz	GCA_002000885.1.fa.gz	548826
ncbi/GCA_002005385.2.fa.gz	GCA_002005385.2.fa.gz	987343
ncbi/GCA_002012365.1.fa.gz	GCA_002012365.1.fa.gz	543953
ncbi/GCA_002017995.1.fa.gz	GCA_002017995.1.fa.gz	801647
ncbi/GCA_002024845.1.fa.gz	GCA_002024845.1.fa.gz	963325
ncbi/GCA_002027265.1.fa.gz	GCA_002027265.1.fa.gz	691877
ncbi/GCA_002072085.1.fa.gz	GCA_002072085.1.fa.gz	577189
ncbi/GCA_002076955.1.fa.gz	GCA_002076955.1.fa.gz	857435
ncbi/GCA_002078375.4.fa.gz	GCA_002078375.4.fa.gz	723413
ncbi/GCA_002078435.1.fa.gz	GCA_002078435.1.fa.gz	802616
ncbi/GCA_002078475.4.fa.gz	GCA_002078475.4.fa.gz	740161
ncbi/GCA_002078495.2.fa.gz	GCA_002078495.2.fa.gz	740145
ncbi/GCA_002078615.4.fa.gz	GCA_002078615.4.fa.gz	785476
ncbi/GCA_002078765.3.fa.gz	GCA_002078765.3.fa.gz	702010
ncbi/GCA_002078855.1.fa.gz	GCA_002078855.1.fa.gz	718106
ncbi/GCA_002078895.2.fa.gz	GCA_002078895.2.fa.gz	803293
ncbi/GCA_002078935.2.fa.gz	GCA_002078935.2.fa.gz	774766
ncbi/GCA_002078955.3.fa.gz	GCA_002078955.3.fa.gz	784549
ncbi/GCA_002078975.5.fa.gz	GCA_002078975.5.fa.gz	812347
ncbi/GCA_002078995.4.fa.gz	GCA_002078995.4.fa.gz	729232
ncbi/GCA_002079285.1.fa.gz	GCA_002079285.1.fa.gz	964645
ncbi/GCA_002091995.1.fa.gz	GCA_002091995.1.fa.gz	891120
ncbi/GCA_002093065.1.fa.gz	GCA_002093065.1.fa.gz	792437
ncbi/GCA_002105575.1.fa.gz	GCA_002105575.1.fa.gz	610178
ncbi/GCA_002107995.1.fa.gz	GCA_002107995.1.fa.gz	632544
ncbi/GCA_002112225.1.fa.gz	GCA_002112225.1.fa.gz	690757
ncbi/GCA_002119645.1.fa.gz	GCA_002119645.1.fa.gz	662073
ncbi/GCA_002148215.1.fa.gz	GCA_002148215.1.fa.gz	731124
ncbi/GCA_002158925.1.fa.gz	GCA_002158925.1.fa.gz	904010
ncbi/GCA_002165655.1.fa.gz	GCA_002165655.1.fa.gz	951521
ncbi/GCA_002165715.1.fa.gz	GCA_002165715.1.fa.gz	992639
ncbi/GCA_002173695.1.fa.gz	GCA_002173695.1.fa.gz	1181716
ncbi/GCA_002173715.1.fa.gz	GCA_002173715.1.fa.gz	1181679
ncbi/GCA_002179515.1.fa.gz	GCA_002179515.1.fa.gz	737685
ncbi/GCA_002192215.1.fa.gz	GCA_002192215.1.fa.gz	931490
ncbi/GCA_002192435.1.fa.gz	GCA_002192435.1.fa.gz	607566
ncbi/GCA_002201955.1.fa.gz	GCA_002201955.1.fa.gz	1181725
ncbi/GCA_002201995.1.fa.gz	GCA_002201995.1.fa.gz	1234035
ncbi/GCA_002202035.1.fa.gz	GCA_002202035.1.fa.gz	1227435
ncbi/GCA_002204495.1.fa.gz	GCA_002204495.1.fa.gz	597930
ncbi/GCA_002220485.1.fa.gz	GCA_002220485.1.fa.gz	568525
ncbi/GCA_002220815.1.fa.gz	GCA_002220815.1.fa.gz	907180
ncbi/GCA_002224305.1.fa.gz	GCA_002224305.1.fa.gz	581862
ncbi/GCA_002238035.1.fa.gz	GCA_002238035.1.fa.gz	868564
ncbi/GCA_002242615.1.fa.gz	GCA_002242615.1.fa.gz	619956
ncbi/GCA_002249825.1.fa.gz	GCA_002249825.1.fa.gz	1008589
ncbi/GCA_002257625.1.fa.gz	GCA_002257625.1.fa.gz	874230
ncbi/GCA_002282915.1.fa.gz	GCA_002282915.1.fa.gz	580309
ncbi/GCA_002286215.1.fa.gz	GCA_002286215.1.fa.gz	581756
ncbi/GCA_002286255.1.fa.gz	GCA_002286255.1.fa.gz	550418
ncbi/GCA_002286275.1.fa.gz	GCA_002286275.1.fa.gz	993505
ncbi/GCA_002287905.1.fa.gz	GCA_002287905.1.fa.gz	569624
ncbi/GCA_002287945.1.fa.gz	GCA_002287945.1.fa.gz	894854
ncbi/GCA_002318935.1.fa.gz	GCA_002318935.1.fa.gz	835331
ncbi/GCA_002356135.1.fa.gz	GCA_002356135.1.fa.gz	586060
ncbi/GCA_002406705.1.fa.gz	GCA_002406705.1.fa.gz	867736
ncbi/GCA_002406785.1.fa.gz	GCA_002406785.1.fa.gz	887958
ncbi/GCA_002406795.1.fa.gz	GCA_002406795.1.fa.gz	887210
ncbi/GCA_002407395.1.fa.gz	GCA_002407395.1.fa.gz	952708
ncbi/GCA_002442835.1.fa.gz	GCA_002442835.1.fa.gz	881194
ncbi/GCA_002443035.1.fa.gz	GCA_002443035.1.fa.gz	538565
ncbi/GCA_002532115.1.fa.gz	GCA_002532115.1.fa.gz	1003239
ncbi/GCA_002532185.1.fa.gz	GCA_002532185.1.fa.gz	726110
ncbi/GCA_002532245.1.fa.gz	GCA_002532245.1.fa.gz	744860
ncbi/GCA_002749655.1.fa.gz	GCA_002749655.1.fa.gz	986676
ncbi/GCA_002762415.1.fa.gz	GCA_002762415.1.fa.gz	603287
ncbi/GCA_002786555.1.fa.gz	GCA_002786555.1.fa.gz	1071328
ncbi/GCA_002794275.1.fa.gz	GCA_002794275.1.fa.gz	596458
ncbi/GCA_002794315.1.fa.gz	GCA_002794315.1.fa.gz	615081
ncbi/GCA_002798075.1.fa.gz	GCA_002798075.1.fa.gz	564818
ncbi/GCA_002804185.1.fa.gz	GCA_002804185.1.fa.gz	709948
ncbi/GCA_002804285.1.fa.gz	GCA_002804285.1.fa.gz	704226
ncbi/GCA_002813615.1.fa.gz	GCA_002813615.1.fa.gz	939631
ncbi/GCA_002833115.1.fa.gz	GCA_002833115.1.fa.gz	699361
ncbi/GCA_002838345.1.fa.gz	GCA_002838345.1.fa.gz	739659
ncbi/GCA_002843115.1.fa.gz	GCA_002843115.1.fa.gz	547564
ncbi/GCA_002845845.1.fa.gz	GCA_002845845.1.fa.gz	653429
ncbi/GCA_002846075.1.fa.gz	GCA_002846075.1.fa.gz	547792
ncbi/GCA_002846155.1.fa.gz	GCA_002846155.1.fa.gz	536563
ncbi/GCA_002849515.1.fa.gz	GCA_002849515.1.fa.gz	892625
ncbi/GCA_002849575.1.fa.gz	GCA_002849575.1.fa.gz	917939
ncbi/GCA_002849915.1.fa.gz	GCA_002849915.1.fa.gz	598474
ncbi/GCA_002849935.1.fa.gz	GCA_002849935.1.fa.gz	651097
ncbi/GCA_002849955.1.fa.gz	GCA_002849955.1.fa.gz	638752
ncbi/GCA_002865565.1.fa.gz	GCA_002865565.1.fa.gz	902355
ncbi/GCA_002868755.1.fa.gz	GCA_002868755.1.fa.gz	991254
ncbi/GCA_002895225.1.fa.gz	GCA_002895225.1.fa.gz	682822
ncbi/GCA_002895245.1.fa.gz	GCA_002895245.1.fa.gz	953911
ncbi/GCA_002899655.1.fa.gz	GCA_002899655.1.fa.gz	643837
ncbi/GCA_002901165.3.fa.gz	GCA_002901165.3.fa.gz	908321
ncbi/GCA_002902825.1.fa.gz	GCA_002902825.1.fa.gz	902209
ncbi/GCA_002906875.1.fa.gz	GCA_002906875.1.fa.gz	1055277
ncbi/GCA_002914865.1.fa.gz	GCA_002914865.1.fa.gz	688656
ncbi/GCA_002948215.1.fa.gz	GCA_002948215.1.fa.gz	981535
ncbi/GCA_002994725.1.fa.gz	GCA_002994725.1.fa.gz	964584
ncbi/GCA_003020005.1.fa.gz	GCA_003020005.1.fa.gz	1017639
ncbi/GCA_003023825.1.fa.gz	GCA_003023825.1.fa.gz	960112
ncbi/GCA_003046055.1.fa.gz	GCA_003046055.1.fa.gz	594233
ncbi/GCA_003046075.1.fa.gz	GCA_003046075.1.fa.gz	1000041
ncbi/GCA_003046115.1.fa.gz	GCA_003046115.1.fa.gz	876606
ncbi/GCA_003046135.1.fa.gz	GCA_003046135.1.fa.gz	594721
ncbi/GCA_003047065.1.fa.gz	GCA_003047065.1.fa.gz	587285
ncbi/GCA_003052855.1.fa.gz	GCA_003052855.1.fa.gz	839573
ncbi/GCA_003052925.1.fa.gz	GCA_003052925.1.fa.gz	866963
ncbi/GCA_003060705.1.fa.gz	GCA_003060705.1.fa.gz	763741
ncbi/GCA_003062045.1.fa.gz	GCA_003062045.1.fa.gz	579926
ncbi/GCA_003072625.1.fa.gz	GCA_003072625.1.fa.gz	601355
ncbi/GCA_003094635.1.fa.gz	GCA_003094635.1.fa.gz	734163
ncbi/GCA_003094855.1.fa.gz	GCA_003094855.1.fa.gz	735306
ncbi/GCA_003094935.1.fa.gz	GCA_003094935.1.fa.gz	753246
ncbi/GCA_003094955.1.fa.gz	GCA_003094955.1.fa.gz	744299
ncbi/GCA_003094975.1.fa.gz	GCA_003094975.1.fa.gz	684904
ncbi/GCA_003094995.1.fa.gz	GCA_003094995.1.fa.gz	685224
ncbi/GCA_003097595.1.fa.gz	GCA_003097595.1.fa.gz	1028477
ncbi/GCA_003129615.1.fa.gz	GCA_003129615.1.fa.gz	898240
ncbi/GCA_003129645.1.fa.gz	GCA_003129645.1.fa.gz	898036
ncbi/GCA_003130445.1.fa.gz	GCA_003130445.1.fa.gz	536755
ncbi/GCA_003143915.1.fa.gz	GCA_003143915.1.fa.gz	963419
ncbi/GCA_003174815.1.fa.gz	GCA_003174815.1.fa.gz	742564
ncbi/GCA_003175015.1.fa.gz	GCA_003175015.1.fa.gz	708371
ncbi/GCA_003175115.1.fa.gz	GCA_003175115.1.fa.gz	640880
ncbi/GCA_003175125.1.fa.gz	GCA_003175125.1.fa.gz	674513
ncbi/GCA_003261135.1.fa.gz	GCA_003261135.1.fa.gz	614146
ncbi/GCA_003269405.1.fa.gz	GCA_003269405.1.fa.gz	962877
ncbi/GCA_003316895.1.fa.gz	GCA_003316895.1.fa.gz	659756
ncbi/GCA_003325395.1.fa.gz	GCA_003325395.1.fa.gz	952271
ncbi/GCA_003325775.1.fa.gz	GCA_003325775.1.fa.gz	1007127
ncbi/GCA_003342655.1.fa.gz	GCA_003342655.1.fa.gz	680245
ncbi/GCA_003344825.1.fa.gz	GCA_003344825.1.fa.gz	992429
ncbi/GCA_003344845.1.fa.gz	GCA_003344845.1.fa.gz	976952
ncbi/GCA_003345725.1.fa.gz	GCA_003345725.1.fa.gz	780409
ncbi/GCA_003346315.1.fa.gz	GCA_003346315.1.fa.gz	604230
ncbi/GCA_003347445.1.fa.gz	GCA_003347445.1.fa.gz	1032642
ncbi/GCA_003347455.1.fa.gz	GCA_003347455.1.fa.gz	979583
ncbi/GCA_003352125.1.fa.gz	GCA_003352125.1.fa.gz	958035
ncbi/GCA_003573895.1.fa.gz	GCA_003573895.1.fa.gz	633557
ncbi/GCA_003573955.1.fa.gz	GCA_003573955.1.fa.gz	658373
ncbi/GCA_003577505.1.fa.gz	GCA_003577505.1.fa.gz	1027059
ncbi/GCA_003586485.1.fa.gz	GCA_003586485.1.fa.gz	963173
ncbi/GCA_003597635.1.fa.gz	GCA_003597635.1.fa.gz	938513
ncbi/GCA_003606305.1.fa.gz	GCA_003606305.1.fa.gz	567043
ncbi/GCA_003611015.1.fa.gz	GCA_003611015.1.fa.gz	959653
ncbi/GCA_003627255.1.fa.gz	GCA_003627255.1.fa.gz	903030
ncbi/GCA_003627355.1.fa.gz	GCA_003627355.1.fa.gz	984509
ncbi/GCA_003641085.1.fa.gz	GCA_003641085.1.fa.gz	573502
ncbi/GCA_003666485.1.fa.gz	GCA_003666485.1.fa.gz	923832
ncbi/GCA_003692725.1.fa.gz	GCA_003692725.1.fa.gz	978177
ncbi/GCA_003703875.1.fa.gz	GCA_003703875.1.fa.gz	620632
ncbi/GCA_003703885.1.fa.gz	GCA_003703885.1.fa.gz	658174
ncbi/GCA_003710225.1.fa.gz	GCA_003710225.1.fa.gz	696067
ncbi/GCA_003790365.1.fa.gz	GCA_003790365.1.fa.gz	738286
ncbi/GCA_003795255.1.fa.gz	GCA_003795255.1.fa.gz	896727
ncbi/GCA_003813125.1.fa.gz	GCA_003813125.1.fa.gz	978425
ncbi/GCA_003841395.1.fa.gz	GCA_003841395.1.fa.gz	796563
ncbi/GCA_003856735.1.fa.gz	GCA_003856735.1.fa.gz	646629
ncbi/GCA_003860425.1.fa.gz	GCA_003860425.1.fa.gz	563711
ncbi/GCA_003966835.1.fa.gz	GCA_003966835.1.fa.gz	944577
ncbi/GCA_003966855.1.fa.gz	GCA_003966855.1.fa.gz	1018163
ncbi/GCA_003970855.1.fa.gz	GCA_003970855.1.fa.gz	575793
ncbi/GCA_003999275.1.fa.gz	GCA_003999275.1.fa.gz	964073
ncbi/GCA_004028295.1.fa.gz	GCA_004028295.1.fa.gz	963993
ncbi/GCA_004028315.1.fa.gz	GCA_004028315.1.fa.gz	969570
ncbi/GCA_004028335.1.fa.gz	GCA_004028335.1.fa.gz	1015029
ncbi/GCA_004114715.1.fa.gz	GCA_004114715.1.fa.gz	1077655
ncbi/GCA_004118615.1.fa.gz	GCA_004118615.1.fa.gz	1019932
ncbi/GCA_004122965.1.fa.gz	GCA_004122965.1.fa.gz	1011110
ncbi/GCA_004123035.1.fa.gz	GCA_004123035.1.fa.gz	950663
ncbi/GCA_004125375.1.fa.gz	GCA_004125375.1.fa.gz	652409
ncbi/GCA_004208815.1.fa.gz	GCA_004208815.1.fa.gz	540021
ncbi/GCA_004301305.1.fa.gz	GCA_004301305.1.fa.gz	946807
ncbi/GCA_004301335.1.fa.gz	GCA_004301335.1.fa.gz	946178
ncbi/GCA_004301645.1.fa.gz	GCA_004301645.1.fa.gz	943132
ncbi/GCA_004301685.1.fa.gz	GCA_004301685.1.fa.gz	945304
ncbi/GCA_004301915.1.fa.gz	GCA_004301915.1.fa.gz	945679
ncbi/GCA_004319685.1.fa.gz	GCA_004319685.1.fa.gz	673384
ncbi/GCA_004337615.1.fa.gz	GCA_004337615.1.fa.gz	1059387
ncbi/GCA_004348805.1.fa.gz	GCA_004348805.1.fa.gz	546257
ncbi/GCA_004349685.1.fa.gz	GCA_004349685.1.fa.gz	621868
ncbi/GCA_004354485.1.fa.gz	GCA_004354485.1.fa.gz	769345
ncbi/GCA_004354655.1.fa.gz	GCA_004354655.1.fa.gz	895130
ncbi/GCA_004355265.1.fa.gz	GCA_004355265.1.fa.gz	597248
ncbi/GCA_004368425.1.fa.gz	GCA_004368425.1.fa.gz	819025
ncbi/GCA_004683785.1.fa.gz	GCA_004683785.1.fa.gz	994270
ncbi/GCA_004683835.1.fa.gz	GCA_004683835.1.fa.gz	605460
ncbi/GCA_004730965.1.fa.gz	GCA_004730965.1.fa.gz	1054067
ncbi/GCA_004771035.1.fa.gz	GCA_004771035.1.fa.gz	974306
ncbi/GCA_004795205.1.fa.gz	GCA_004795205.1.fa.gz	710699
ncbi/GCA_004799295.1.fa.gz	GCA_004799295.1.fa.gz	663523
ncbi/GCA_004802595.1.fa.gz	GCA_004802595.1.fa.gz	696112
ncbi/GCA_004803425.1.fa.gz	GCA_004803425.1.fa.gz	811309
ncbi/GCA_004919065.2.fa.gz	GCA_004919065.2.fa.gz	769190
ncbi/GCA_004936435.1.fa.gz	GCA_004936435.1.fa.gz	695606
ncbi/GCA_006151905.1.fa.gz	GCA_006151905.1.fa.gz	873928
ncbi/GCA_006228265.1.fa.gz	GCA_006228265.1.fa.gz	755703
ncbi/GCA_006228305.1.fa.gz	GCA_006228305.1.fa.gz	723109
ncbi/GCA_006381935.1.fa.gz	GCA_006381935.1.fa.gz	772151
ncbi/GCA_006382065.1.fa.gz	GCA_006382065.1.fa.gz	744306
ncbi/GCA_006770505.1.fa.gz	GCA_006770505.1.fa.gz	972325
ncbi/GCA_006874665.1.fa.gz	GCA_006874665.1.fa.gz	633600
ncbi/GCA_007833595.1.fa.gz	GCA_007833595.1.fa.gz	985520
ncbi/GCA_007989125.1.fa.gz	GCA_007989125.1.fa.gz	863935
ncbi/GCA_007989185.1.fa.gz	GCA_007989185.1.fa.gz	715991
ncbi/GCA_007989685.1.fa.gz	GCA_007989685.1.fa.gz	911018
ncbi/GCA_007990855.1.fa.gz	GCA_007990855.1.fa.gz	874823
ncbi/GCA_008017355.1.fa.gz	GCA_008017355.1.fa.gz	849367
ncbi/GCA_008180075.1.fa.gz	GCA_008180075.1.fa.gz	784956
ncbi/GCA_008369945.1.fa.gz	GCA_008369945.1.fa.gz	908724
ncbi/GCA_008727835.1.fa.gz	GCA_008727835.1.fa.gz	910959
ncbi/GCA_008868445.1.fa.gz	GCA_008868445.1.fa.gz	789153
ncbi/GCA_009295755.1.fa.gz	GCA_009295755.1.fa.gz	620811
ncbi/GCA_009295775.1.fa.gz	GCA_009295775.1.fa.gz	964827
ncbi/GCA_009429065.1.fa.gz	GCA_009429065.1.fa.gz	907282
ncbi/GCA_009429085.1.fa.gz	GCA_009429085.1.fa.gz	725651
ncbi/GCA_009649105.1.fa.gz	GCA_009649105.1.fa.gz	617310
ncbi/GCA_009676625.1.fa.gz	GCA_009676625.1.fa.gz	661514
ncbi/GCA_009720585.1.fa.gz	GCA_009720585.1.fa.gz	1003237
ncbi/GCA_009728915.1.fa.gz	GCA_009728915.1.fa.gz	715296
ncbi/GCA_009739485.1.fa.gz	GCA_009739485.1.fa.gz	962663
ncbi/GCA_009762745.1.fa.gz	GCA_009762745.1.fa.gz	994137
ncbi/GCA_009823605.1.fa.gz	GCA_009823605.1.fa.gz	933326
ncbi/GCA_009834405.1.fa.gz	GCA_009834405.1.fa.gz	849844
ncbi/GCA_009864015.1.fa.gz	GCA_009864015.1.fa.gz	991595
ncbi/GCA_009885055.1.fa.gz	GCA_009885055.1.fa.gz	711933
ncbi/GCA_009914805.1.fa.gz	GCA_009914805.1.fa.gz	976726
ncbi/GCA_009914845.1.fa.gz	GCA_009914845.1.fa.gz	597707
ncbi/GCA_009996805.1.fa.gz	GCA_009996805.1.fa.gz	960700
ncbi/GCA_010120595.1.fa.gz	GCA_010120595.1.fa.gz	621539
ncbi/GCA_011008535.1.fa.gz	GCA_011008535.1.fa.gz	657819
ncbi/GCA_011009755.1.fa.gz	GCA_011009755.1.fa.gz	988935
ncbi/GCA_011029205.1.fa.gz	GCA_011029205.1.fa.gz	633019
ncbi/GCA_011032745.1.fa.gz	GCA_011032745.1.fa.gz	574240
ncbi/GCA_011032765.1.fa.gz	GCA_011032765.1.fa.gz	656631
ncbi/GCA_011065435.1.fa.gz	GCA_011065435.1.fa.gz	605472
ncbi/GCA_011290755.1.fa.gz	GCA_011290755.1.fa.gz	637180
ncbi/GCA_011770105.1.fa.gz	GCA_011770105.1.fa.gz	567137
ncbi/GCA_012070635.1.fa.gz	GCA_012070635.1.fa.gz	954829
ncbi/GCA_012109355.1.fa.gz	GCA_012109355.1.fa.gz	969592
ncbi/GCA_012241605.1.fa.gz	GCA_012241605.1.fa.gz	894136
ncbi/GCA_012272935.1.fa.gz	GCA_012272935.1.fa.gz	993080
ncbi/GCA_012273035.1.fa.gz	GCA_012273035.1.fa.gz	623797
ncbi/GCA_012689205.1.fa.gz	GCA_012689205.1.fa.gz	786226
ncbi/GCA_012931965.1.fa.gz	GCA_012931965.1.fa.gz	924844
ncbi/GCA_013204895.1.fa.gz	GCA_013204895.1.fa.gz	790272
ncbi/GCA_013256965.1.fa.gz	GCA_013256965.1.fa.gz	963656
ncbi/GCA_013305265.1.fa.gz	GCA_013305265.1.fa.gz	970197
ncbi/GCA_013342125.1.fa.gz	GCA_013342125.1.fa.gz	916947
ncbi/GCA_013348825.1.fa.gz	GCA_013348825.1.fa.gz	635099
ncbi/GCA_013367715.1.fa.gz	GCA_013367715.1.fa.gz	1003369
ncbi/GCA_013394085.1.fa.gz	GCA_013394085.1.fa.gz	557410
ncbi/GCA_013394345.1.fa.gz	GCA_013394345.1.fa.gz	1096989
ncbi/GCA_013395015.3.fa.gz	GCA_013395015.3.fa.gz	789673
ncbi/GCA_013425565.1.fa.gz	GCA_013425565.1.fa.gz	918343
ncbi/GCA_013425655.1.fa.gz	GCA_013425655.1.fa.gz	915682
ncbi/GCA_013425665.1.fa.gz	GCA_013425665.1.fa.gz	926096
ncbi/GCA_013425735.1.fa.gz	GCA_013425735.1.fa.gz	924034
ncbi/GCA_013458335.1.fa.gz	GCA_013458335.1.fa.gz	1002952
ncbi/GCA_014084065.1.fa.gz	GCA_014084065.1.fa.gz	991684
ncbi/GCA_014131735.1.fa.gz	GCA_014131735.1.fa.gz	969169
ncbi/GCA_014212185.1.fa.gz	GCA_014212185.1.fa.gz	865003
ncbi/GCA_014334375.1.fa.gz	GCA_014334375.1.fa.gz	693848
ncbi/GCA_014488995.1.fa.gz	GCA_014488995.1.fa.gz	623070
ncbi/GCA_014524935.1.fa.gz	GCA_014524935.1.fa.gz	636897
ncbi/GCA_014639015.1.fa.gz	GCA_014639015.1.fa.gz	892655
ncbi/GCA_014840995.1.fa.gz	GCA_014840995.1.fa.gz	989586
ncbi/GCA_015238575.1.fa.gz	GCA_015238575.1.fa.gz	892939
ncbi/GCA_015693925.1.fa.gz	GCA_015693925.1.fa.gz	984814
ncbi/GCA_015714775.1.fa.gz	GCA_015714775.1.fa.gz	963247
ncbi/GCA_015714805.1.fa.gz	GCA_015714805.1.fa.gz	786098
ncbi/GCA_015714835.1.fa.gz	GCA_015714835.1.fa.gz	938727
ncbi/GCA_016029535.1.fa.gz	GCA_016029535.1.fa.gz	947004
ncbi/GCA_016307165.1.fa.gz	GCA_016307165.1.fa.gz	641966
ncbi/GCA_016598735.1.fa.gz	GCA_016598735.1.fa.gz	1029087
ncbi/GCA_016634435.1.fa.gz	GCA_016634435.1.fa.gz	677288
ncbi/GCA_016648955.1.fa.gz	GCA_016648955.1.fa.gz	715720
ncbi/GCA_016757655.1.fa.gz	GCA_016757655.1.fa.gz	1493970
ncbi/GCA_016775685.1.fa.gz	GCA_016775685.1.fa.gz	975656
ncbi/GCA_016887825.1.fa.gz	GCA_016887825.1.fa.gz	932195
ncbi/GCA_016918895.1.fa.gz	GCA_016918895.1.fa.gz	558004
ncbi/GCA_017009475.1.fa.gz	GCA_017009475.1.fa.gz	584108
ncbi/GCA_017009715.1.fa.gz	GCA_017009715.1.fa.gz	577045
ncbi/GCA_017132775.1.fa.gz	GCA_017132775.1.fa.gz	706018
ncbi/GCA_017301935.1.fa.gz	GCA_017301935.1.fa.gz	986832
ncbi/GCA_017498335.1.fa.gz	GCA_017498335.1.fa.gz	829475
ncbi/GCA_017573685.1.fa.gz	GCA_017573685.1.fa.gz	829552
ncbi/GCA_017742875.1.fa.gz	GCA_017742875.1.fa.gz	968980
ncbi/GCA_017743155.1.fa.gz	GCA_017743155.1.fa.gz	714229
ncbi/GCA_017743195.1.fa.gz	GCA_017743195.1.fa.gz	746806
ncbi/GCA_017795605.1.fa.gz	GCA_017795605.1.fa.gz	892998
ncbi/GCA_017798305.1.fa.gz	GCA_017798305.1.fa.gz	998022
ncbi/GCA_017815835.1.fa.gz	GCA_017815835.1.fa.gz	650533
ncbi/GCA_017894325.1.fa.gz	GCA_017894325.1.fa.gz	637648
ncbi/GCA_017963615.1.fa.gz	GCA_017963615.1.fa.gz	564912
ncbi/GCA_018064185.1.fa.gz	GCA_018064185.1.fa.gz	801684
ncbi/GCA_018140675.1.fa.gz	GCA_018140675.1.fa.gz	845122
ncbi/GCA_018141205.1.fa.gz	GCA_018141205.1.fa.gz	871102
ncbi/GCA_018228745.1.fa.gz	GCA_018228745.1.fa.gz	887515
ncbi/GCA_018351295.1.fa.gz	GCA_018351295.1.fa.gz	999973
ncbi/GCA_018408965.1.fa.gz	GCA_018408965.1.fa.gz	704243
ncbi/GCA_018408975.1.fa.gz	GCA_018408975.1.fa.gz	603204
ncbi/GCA_018408985.1.fa.gz	GCA_018408985.1.fa.gz	613272
ncbi/GCA_018409015.1.fa.gz	GCA_018409015.1.fa.gz	582356
ncbi/GCA_018409165.1.fa.gz	GCA_018409165.1.fa.gz	703057
ncbi/GCA_018409185.1.fa.gz	GCA_018409185.1.fa.gz	698043
ncbi/GCA_018798865.1.fa.gz	GCA_018798865.1.fa.gz	729626
ncbi/GCA_018884205.1.fa.gz	GCA_018884205.1.fa.gz	620678
ncbi/GCA_018966895.1.fa.gz	GCA_018966895.1.fa.gz	867580
ncbi/GCA_019061135.1.fa.gz	GCA_019061135.1.fa.gz	571660
ncbi/GCA_019192945.1.fa.gz	GCA_019192945.1.fa.gz	563594
ncbi/GCA_019390095.1.fa.gz	GCA_019390095.1.fa.gz	975584
ncbi/GCA_019660445.1.fa.gz	GCA_019660445.1.fa.gz	837521
ncbi/GCA_019879165.1.fa.gz	GCA_019879165.1.fa.gz	1024001
ncbi/GCA_019890875.1.fa.gz	GCA_019890875.1.fa.gz	634576
ncbi/GCA_019972965.1.fa.gz	GCA_019972965.1.fa.gz	705409
ncbi/GCA_020008065.1.fa.gz	GCA_020008065.1.fa.gz	704737
ncbi/GCA_020072545.1.fa.gz	GCA_020072545.1.fa.gz	714494
ncbi/GCA_020131335.1.fa.gz	GCA_020131335.1.fa.gz	1064051
ncbi/GCA_020404265.1.fa.gz	GCA_020404265.1.fa.gz	533767
ncbi/GCA_020404275.1.fa.gz	GCA_020404275.1.fa.gz	534708
ncbi/GCA_020741515.1.fa.gz	GCA_020741515.1.fa.gz	699517
ncbi/GCA_020741545.1.fa.gz	GCA_020741545.1.fa.gz	516859
ncbi/GCA_020785395.1.fa.gz	GCA_020785395.1.fa.gz	619031
ncbi/GCA_020892075.1.fa.gz	GCA_020892075.1.fa.gz	625430
ncbi/GCA_020978225.1.fa.gz	GCA_020978225.1.fa.gz	700077
ncbi/GCA_020978285.1.fa.gz	GCA_020978285.1.fa.gz	731018
ncbi/GCA_021134215.1.fa.gz	GCA_021134215.1.fa.gz	582495
ncbi/GCA_021184065.1.fa.gz	GCA_021184065.1.fa.gz	700493
ncbi/GCA_021228035.1.fa.gz	GCA_021228035.1.fa.gz	720399
ncbi/GCA_021294255.1.fa.gz	GCA_021294255.1.fa.gz	512649
ncbi/GCA_021294375.1.fa.gz	GCA_021294375.1.fa.gz	510606
ncbi/GCA_021294665.1.fa.gz	GCA_021294665.1.fa.gz	513470
ncbi/GCA_021296595.1.fa.gz	GCA_021296595.1.fa.gz	515005
ncbi/GCA_021297355.1.fa.gz	GCA_021297355.1.fa.gz	504767
ncbi/GCA_021300595.1.fa.gz	GCA_021300595.1.fa.gz	944267
ncbi/GCA_021384495.1.fa.gz	GCA_021384495.1.fa.gz	769479
ncbi/GCA_021384615.1.fa.gz	GCA_021384615.1.fa.gz	784418
ncbi/GCA_021484885.1.fa.gz	GCA_021484885.1.fa.gz	700636
ncbi/GCA_021559835.1.fa.gz	GCA_021559835.1.fa.gz	1506102
ncbi/GCA_021892455.1.fa.gz	GCA_021892455.1.fa.gz	990694
ncbi/GCA_021892795.1.fa.gz	GCA_021892795.1.fa.gz	978180
ncbi/GCA_021892995.1.fa.gz	GCA_021892995.1.fa.gz	980942
ncbi/GCA_021893075.1.fa.gz	GCA_021893075.1.fa.gz	1079319
ncbi/GCA_021894075.1.fa.gz	GCA_021894075.1.fa.gz	943224
ncbi/GCA_021894155.1.fa.gz	GCA_021894155.1.fa.gz	989601
ncbi/GCA_021894595.1.fa.gz	GCA_021894595.1.fa.gz	985074
ncbi/GCA_021894615.1.fa.gz	GCA_021894615.1.fa.gz	941029
ncbi/GCA_022014355.1.fa.gz	GCA_022014355.1.fa.gz	664227
ncbi/GCA_022509735.1.fa.gz	GCA_022509735.1.fa.gz	736995
ncbi/GCA_022558425.1.fa.gz	GCA_022558425.1.fa.gz	988987
ncbi/GCA_022643845.1.fa.gz	GCA_022643845.1.fa.gz	712125
ncbi/GCA_022670815.1.fa.gz	GCA_022670815.1.fa.gz	767377
ncbi/GCA_022691205.1.fa.gz	GCA_022691205.1.fa.gz	548523
ncbi/GCA_022738455.1.fa.gz	GCA_022738455.1.fa.gz	673766
ncbi/GCA_022757425.1.fa.gz	GCA_022757425.1.fa.gz	455898
ncbi/GCA_022815785.1.fa.gz	GCA_022815785.1.fa.gz	931356
ncbi/GCA_022844655.1.fa.gz	GCA_022844655.1.fa.gz	987395
ncbi/GCA_023111055.1.fa.gz	GCA_023111055.1.fa.gz	971821
ncbi/GCA_023111075.1.fa.gz	GCA_023111075.1.fa.gz	986621
ncbi/GCA_023168025.1.fa.gz	GCA_023168025.1.fa.gz	940106
ncbi/GCA_023205795.1.fa.gz	GCA_023205795.1.fa.gz	794574
ncbi/GCA_023205815.1.fa.gz	GCA_023205815.1.fa.gz	797090
ncbi/GCA_023205835.1.fa.gz	GCA_023205835.1.fa.gz	794620
ncbi/GCA_023205855.1.fa.gz	GCA_023205855.1.fa.gz	841534
ncbi/GCA_023206755.1.fa.gz	GCA_023206755.1.fa.gz	720148
ncbi/GCA_023208035.1.fa.gz	GCA_023208035.1.fa.gz	795751
ncbi/GCA_023208055.1.fa.gz	GCA_023208055.1.fa.gz	794706
ncbi/GCA_023208075.1.fa.gz	GCA_023208075.1.fa.gz	797350
ncbi/GCA_023208095.1.fa.gz	GCA_023208095.1.fa.gz	794675
ncbi/GCA_023208115.1.fa.gz	GCA_023208115.1.fa.gz	797817
ncbi/GCA_023208135.1.fa.gz	GCA_023208135.1.fa.gz	793836
ncbi/GCA_023208155.1.fa.gz	GCA_023208155.1.fa.gz	796645
ncbi/GCA_023375875.1.fa.gz	GCA_023375875.1.fa.gz	892976
ncbi/GCA_023507555.1.fa.gz	GCA_023507555.1.fa.gz	998435
ncbi/GCA_023547165.1.fa.gz	GCA_023547165.1.fa.gz	1015195
ncbi/GCA_023656965.1.fa.gz	GCA_023656965.1.fa.gz	914428
ncbi/GCA_023913535.1.fa.gz	GCA_023913535.1.fa.gz	887606
ncbi/GCA_024138855.1.fa.gz	GCA_024138855.1.fa.gz	627879
ncbi/GCA_024181685.1.fa.gz	GCA_024181685.1.fa.gz	984742
ncbi/GCA_024181705.1.fa.gz	GCA_024181705.1.fa.gz	1021453
ncbi/GCA_024329325.1.fa.gz	GCA_024329325.1.fa.gz	1038874
ncbi/GCA_024334065.1.fa.gz	GCA_024334065.1.fa.gz	547622
ncbi/GCA_024349265.1.fa.gz	GCA_024349265.1.fa.gz	695779
ncbi/GCA_024498315.1.fa.gz	GCA_024498315.1.fa.gz	936294
ncbi/GCA_024652885.1.fa.gz	GCA_024652885.1.fa.gz	705294
ncbi/GCA_024665075.1.fa.gz	GCA_024665075.1.fa.gz	592560
ncbi/GCA_024665195.1.fa.gz	GCA_024665195.1.fa.gz	660474
ncbi/GCA_024665315.1.fa.gz	GCA_024665315.1.fa.gz	550917
ncbi/GCA_024665435.1.fa.gz	GCA_024665435.1.fa.gz	689131
ncbi/GCA_024665555.1.fa.gz	GCA_024665555.1.fa.gz	581893
ncbi/GCA_024665595.1.fa.gz	GCA_024665595.1.fa.gz	881737
ncbi/GCA_024665655.1.fa.gz	GCA_024665655.1.fa.gz	812462
ncbi/GCA_024665815.1.fa.gz	GCA_024665815.1.fa.gz	935140
ncbi/GCA_024732385.1.fa.gz	GCA_024732385.1.fa.gz	953602
ncbi/GCA_024999925.1.fa.gz	GCA_024999925.1.fa.gz	949480
ncbi/GCA_025127245.1.fa.gz	GCA_025127245.1.fa.gz	561248
ncbi/GCA_025128755.1.fa.gz	GCA_025128755.1.fa.gz	757515
ncbi/GCA_025137495.1.fa.gz	GCA_025137495.1.fa.gz	1019918
ncbi/GCA_025185985.1.fa.gz	GCA_025185985.1.fa.gz	629151
ncbi/GCA_025186885.1.fa.gz	GCA_025186885.1.fa.gz	530903
ncbi/GCA_025187145.1.fa.gz	GCA_025187145.1.fa.gz	518624
ncbi/GCA_025189405.1.fa.gz	GCA_025189405.1.fa.gz	856814
ncbi/GCA_025189525.1.fa.gz	GCA_025189525.1.fa.gz	851858
ncbi/GCA_025189605.1.fa.gz	GCA_025189605.1.fa.gz	885643
ncbi/GCA_025189845.1.fa.gz	GCA_025189845.1.fa.gz	1050373
ncbi/GCA_025190015.1.fa.gz	GCA_025190015.1.fa.gz	1001392
ncbi/GCA_025190105.1.fa.gz	GCA_025190105.1.fa.gz	967375
ncbi/GCA_025190725.1.fa.gz	GCA_025190725.1.fa.gz	937475
ncbi/GCA_025190745.1.fa.gz	GCA_025190745.1.fa.gz	759721
ncbi/GCA_025191785.1.fa.gz	GCA_025191785.1.fa.gz	572522
ncbi/GCA_025194385.1.fa.gz	GCA_025194385.1.fa.gz	834194
ncbi/GCA_025194725.1.fa.gz	GCA_025194725.1.fa.gz	575447
ncbi/GCA_025194865.1.fa.gz	GCA_025194865.1.fa.gz	596412
ncbi/GCA_025194925.1.fa.gz	GCA_025194925.1.fa.gz	590361
ncbi/GCA_025946725.1.fa.gz	GCA_025946725.1.fa.gz	955827
ncbi/GCA_025948295.1.fa.gz	GCA_025948295.1.fa.gz	559957
ncbi/GCA_026013765.1.fa.gz	GCA_026013765.1.fa.gz	1036808
ncbi/GCA_026127565.1.fa.gz	GCA_026127565.1.fa.gz	981525
ncbi/GCA_026127605.1.fa.gz	GCA_026127605.1.fa.gz	972453
ncbi/GCA_026127635.1.fa.gz	GCA_026127635.1.fa.gz	995991
ncbi/GCA_026162505.1.fa.gz	GCA_026162505.1.fa.gz	653605
ncbi/GCA_026240755.1.fa.gz	GCA_026240755.1.fa.gz	990843
ncbi/GCA_026967245.1.fa.gz	GCA_026967245.1.fa.gz	944743
ncbi/GCA_027474465.1.fa.gz	GCA_027474465.1.fa.gz	952593
ncbi/GCA_027557615.1.fa.gz	GCA_027557615.1.fa.gz	984947
ncbi/GCA_027568335.1.fa.gz	GCA_027568335.1.fa.gz	1073160
ncbi/GCA_027664925.1.fa.gz	GCA_027664925.1.fa.gz	661718
ncbi/GCA_027672405.1.fa.gz	GCA_027672405.1.fa.gz	576891
ncbi/GCA_027693445.1.fa.gz	GCA_027693445.1.fa.gz	966951
ncbi/GCA_027854125.1.fa.gz	GCA_027854125.1.fa.gz	989589
ncbi/GCA_027857655.1.fa.gz	GCA_027857655.1.fa.gz	871029
ncbi/GCA_028446625.1.fa.gz	GCA_028446625.1.fa.gz	954805
ncbi/GCA_028475085.1.fa.gz	GCA_028475085.1.fa.gz	892921
ncbi/GCA_028656165.1.fa.gz	GCA_028656165.1.fa.gz	960910
ncbi/GCA_028898865.1.fa.gz	GCA_028898865.1.fa.gz	729696
ncbi/GCA_029814785.1.fa.gz	GCA_029814785.1.fa.gz	984835
ncbi/GCA_029823225.1.fa.gz	GCA_029823225.1.fa.gz	544759
ncbi/GCA_029834415.1.fa.gz	GCA_029834415.1.fa.gz	984819
ncbi/GCA_029854235.1.fa.gz	GCA_029854235.1.fa.gz	984133
ncbi/GCA_029855065.1.fa.gz	GCA_029855065.1.fa.gz	676689
ncbi/GCA_030061895.1.fa.gz	GCA_030061895.1.fa.gz	934509
ncbi/GCA_030063125.1.fa.gz	GCA_030063125.1.fa.gz	990163
ncbi/GCA_030224725.1.fa.gz	GCA_030224725.1.fa.gz	853386
ncbi/GCA_030262475.1.fa.gz	GCA_030262475.1.fa.gz	624706
ncbi/GCA_030291755.1.fa.gz	GCA_030291755.1.fa.gz	610009
ncbi/GCA_030334805.1.fa.gz	GCA_030334805.1.fa.gz	764121
ncbi/GCA_030339395.1.fa.gz	GCA_030339395.1.fa.gz	874229
ncbi/GCA_030361185.1.fa.gz	GCA_030361185.1.fa.gz	886049
ncbi/GCA_030414125.1.fa.gz	GCA_030414125.1.fa.gz	735204
ncbi/GCA_030418275.1.fa.gz	GCA_030418275.1.fa.gz	620724
ncbi/GCA_030437975.1.fa.gz	GCA_030437975.1.fa.gz	824866
ncbi/GCA_030441965.1.fa.gz	GCA_030441965.1.fa.gz	679957
ncbi/GCA_030451345.1.fa.gz	GCA_030451345.1.fa.gz	483682
ncbi/GCA_030457435.1.fa.gz	GCA_030457435.1.fa.gz	601573
ncbi/GCA_030463605.1.fa.gz	GCA_030463605.1.fa.gz	1003212
ncbi/GCA_030480425.1.fa.gz	GCA_030480425.1.fa.gz	890466
ncbi/GCA_030490305.1.fa.gz	GCA_030490305.1.fa.gz	888941
ncbi/GCA_030520065.1.fa.gz	GCA_030520065.1.fa.gz	592322
ncbi/GCA_030721705.1.fa.gz	GCA_030721705.1.fa.gz	670782
ncbi/GCA_030758995.1.fa.gz	GCA_030758995.1.fa.gz	1024678
ncbi/GCA_031032805.1.fa.gz	GCA_031032805.1.fa.gz	978737
ncbi/GCA_031085385.1.fa.gz	GCA_031085385.1.fa.gz	988306
ncbi/GCA_032144055.1.fa.gz	GCA_032144055.1.fa.gz	997577
ncbi/GCA_032463485.1.fa.gz	GCA_032463485.1.fa.gz	581736
ncbi/GCA_032466055.1.fa.gz	GCA_032466055.1.fa.gz	923690
ncbi/GCA_032477535.1.fa.gz	GCA_032477535.1.fa.gz	347453
ncbi/GCA_032602185.1.fa.gz	GCA_032602185.1.fa.gz	967720
ncbi/GCA_032818175.1.fa.gz	GCA_032818175.1.fa.gz	1003082
ncbi/GCA_033487235.1.fa.gz	GCA_033487235.1.fa.gz	700467
ncbi/GCA_033567675.1.fa.gz	GCA_033567675.1.fa.gz	671549
ncbi/GCA_033569435.1.fa.gz	GCA_033569435.1.fa.gz	581937
ncbi/GCA_033570435.1.fa.gz	GCA_033570435.1.fa.gz	633380
ncbi/GCA_033803995.1.fa.gz	GCA_033803995.1.fa.gz	576974
ncbi/GCA_033879915.1.fa.gz	GCA_033879915.1.fa.gz	744665
ncbi/GCA_033959405.1.fa.gz	GCA_033959405.1.fa.gz	649515
ncbi/GCA_034259105.1.fa.gz	GCA_034259105.1.fa.gz	662427
ncbi/GCA_034298135.1.fa.gz	GCA_034298135.1.fa.gz	578017
ncbi/GCA_034321885.1.fa.gz	GCA_034321885.1.fa.gz	1046842
ncbi/GCA_034333585.1.fa.gz	GCA_034333585.1.fa.gz	944823
ncbi/GCA_035588615.1.fa.gz	GCA_035588615.1.fa.gz	1002543
ncbi/GCA_036227545.1.fa.gz	GCA_036227545.1.fa.gz	566822
ncbi/GCA_036281335.1.fa.gz	GCA_036281335.1.fa.gz	655508
ncbi/GCA_036281515.1.fa.gz	GCA_036281515.1.fa.gz	707899
ncbi/GCA_036430845.1.fa.gz	GCA_036430845.1.fa.gz	915022
ncbi/GCA_036452655.1.fa.gz	GCA_036452655.1.fa.gz	563218
ncbi/GCA_036595825.1.fa.gz	GCA_036595825.1.fa.gz	842836
ncbi/GCA_036595865.1.fa.gz	GCA_036595865.1.fa.gz	918513
ncbi/GCA_036728855.1.fa.gz	GCA_036728855.1.fa.gz	416753
ncbi/GCA_036784755.1.fa.gz	GCA_036784755.1.fa.gz	616365
ncbi/GCA_036903235.1.fa.gz	GCA_036903235.1.fa.gz	653167
ncbi/GCA_036942465.1.fa.gz	GCA_036942465.1.fa.gz	872687
ncbi/GCA_037113575.1.fa.gz	GCA_037113575.1.fa.gz	970549
ncbi/GCA_037966675.1.fa.gz	GCA_037966675.1.fa.gz	866912
ncbi/GCA_037996565.1.fa.gz	GCA_037996565.1.fa.gz	591648
ncbi/GCA_037996585.1.fa.gz	GCA_037996585.1.fa.gz	853732
ncbi/GCA_038096155.1.fa.gz	GCA_038096155.1.fa.gz	1004555
ncbi/GCA_038149605.1.fa.gz	GCA_038149605.1.fa.gz	735438
ncbi/GCA_038419715.1.fa.gz	GCA_038419715.1.fa.gz	948147
ncbi/GCA_039566335.1.fa.gz	GCA_039566335.1.fa.gz	735087
ncbi/GCA_039612675.1.fa.gz	GCA_039612675.1.fa.gz	910961
ncbi/GCA_039631215.1.fa.gz	GCA_039631215.1.fa.gz	865999
ncbi/GCA_039654845.1.fa.gz	GCA_039654845.1.fa.gz	830342
ncbi/GCA_039725565.1.fa.gz	GCA_039725565.1.fa.gz	1021650
ncbi/GCA_039783625.1.fa.gz	GCA_039783625.1.fa.gz	549024
ncbi/GCA_039880475.1.fa.gz	GCA_039880475.1.fa.gz	581938
ncbi/GCA_040267755.1.fa.gz	GCA_040267755.1.fa.gz	610449
ncbi/GCA_040435965.1.fa.gz	GCA_040435965.1.fa.gz	890647
ncbi/GCA_040446565.1.fa.gz	GCA_040446565.1.fa.gz	868722
ncbi/GCA_040567705.1.fa.gz	GCA_040567705.1.fa.gz	784233
ncbi/GCA_040705195.1.fa.gz	GCA_040705195.1.fa.gz	1010399
ncbi/GCA_040719475.1.fa.gz	GCA_040719475.1.fa.gz	995477
ncbi/GCA_040822565.1.fa.gz	GCA_040822565.1.fa.gz	842415
ncbi/GCA_040924945.1.fa.gz	GCA_040924945.1.fa.gz	862236
ncbi/GCA_040962025.1.fa.gz	GCA_040962025.1.fa.gz	603743
ncbi/GCA_041080595.1.fa.gz	GCA_041080595.1.fa.gz	983946
ncbi/GCA_041357755.1.fa.gz	GCA_041357755.1.fa.gz	677367
ncbi/GCA_041413225.1.fa.gz	GCA_041413225.1.fa.gz	586488
ncbi/GCA_041725645.1.fa.gz	GCA_041725645.1.fa.gz	1003193
ncbi/GCA_041888795.1.fa.gz	GCA_041888795.1.fa.gz	658636
ncbi/GCA_041888805.1.fa.gz	GCA_041888805.1.fa.gz	658091
ncbi/GCA_042160085.1.fa.gz	GCA_042160085.1.fa.gz	968952
ncbi/GCA_042645985.1.fa.gz	GCA_042645985.1.fa.gz	868107
ncbi/GCA_042691645.1.fa.gz	GCA_042691645.1.fa.gz	965580
ncbi/GCA_043951895.1.fa.gz	GCA_043951895.1.fa.gz	963955
ncbi/GCA_044283575.1.fa.gz	GCA_044283575.1.fa.gz	884291
ncbi/GCA_044383485.1.fa.gz	GCA_044383485.1.fa.gz	656422
ncbi/GCA_044758965.1.fa.gz	GCA_044758965.1.fa.gz	975621
ncbi/GCA_044760245.1.fa.gz	GCA_044760245.1.fa.gz	967403
ncbi/GCA_045256955.1.fa.gz	GCA_045256955.1.fa.gz	892808
ncbi/GCA_045689685.1.fa.gz	GCA_045689685.1.fa.gz	710819
ncbi/GCA_045866315.1.fa.gz	GCA_045866315.1.fa.gz	1011638
ncbi/GCA_046097075.1.fa.gz	GCA_046097075.1.fa.gz	955264
ncbi/GCA_046237615.1.fa.gz	GCA_046237615.1.fa.gz	817972
ncbi/GCA_046938175.1.fa.gz	GCA_046938175.1.fa.gz	535108
ncbi/GCA_046958455.1.fa.gz	GCA_046958455.1.fa.gz	564686
ncbi/GCA_047223445.1.fa.gz	GCA_047223445.1.fa.gz	893183
ncbi/GCA_047301025.1.fa.gz	GCA_047301025.1.fa.gz	683056
ncbi/GCA_047445175.1.fa.gz	GCA_047445175.1.fa.gz	879694
ncbi/GCA_047445195.1.fa.gz	GCA_047445195.1.fa.gz	975734
ncbi/GCA_047456375.1.fa.gz	GCA_047456375.1.fa.gz	788604
ncbi/GCA_047947225.1.fa.gz	GCA_047947225.1.fa.gz	558174
ncbi/GCA_048009075.1.fa.gz	GCA_048009075.1.fa.gz	911034
ncbi/GCA_048145425.1.fa.gz	GCA_048145425.1.fa.gz	554134
ncbi/GCA_049180515.1.fa.gz	GCA_049180515.1.fa.gz	558940
ncbi/GCA_049524615.1.fa.gz	GCA_049524615.1.fa.gz	1048172
ncbi/GCA_049524655.1.fa.gz	GCA_049524655.1.fa.gz	997149
ncbi/GCA_049524795.1.fa.gz	GCA_049524795.1.fa.gz	1015278
ncbi/GCA_049942745.1.fa.gz	GCA_049942745.1.fa.gz	974069
ncbi/GCA_050017215.1.fa.gz	GCA_050017215.1.fa.gz	1012011
ncbi/GCA_050565525.1.fa.gz	GCA_050565525.1.fa.gz	668874
ncbi/GCA_050846705.1.fa.gz	GCA_050846705.1.fa.gz	676426
ncbi/GCA_050896535.1.fa.gz	GCA_050896535.1.fa.gz	993718
ncbi/GCA_050896535.2.fa.gz	GCA_050896535.2.fa.gz	991626
ncbi/GCA_051048205.1.fa.gz	GCA_051048205.1.fa.gz	733444
ncbi/GCA_051123815.1.fa.gz	GCA_051123815.1.fa.gz	872524
ncbi/GCA_051153655.1.fa.gz	GCA_051153655.1.fa.gz	597284
ncbi/GCA_051217015.1.fa.gz	GCA_051217015.1.fa.gz	1005256
ncbi/GCA_051388095.1.fa.gz	GCA_051388095.1.fa.gz	655142
ncbi/GCA_051388175.1.fa.gz	GCA_051388175.1.fa.gz	969777
ncbi/GCA_051388555.1.fa.gz	GCA_051388555.1.fa.gz	573564
ncbi/GCA_051388695.1.fa.gz	GCA_051388695.1.fa.gz	575661
ncbi/GCA_051388735.1.fa.gz	GCA_051388735.1.fa.gz	612524
ncbi/GCA_051388815.1.fa.gz	GCA_051388815.1.fa.gz	625636
ncbi/GCA_051388835.1.fa.gz	GCA_051388835.1.fa.gz	574046
ncbi/GCA_051391195.1.fa.gz	GCA_051391195.1.fa.gz	977964
ncbi/GCA_051488545.1.fa.gz	GCA_051488545.1.fa.gz	580856
ncbi/GCA_051550615.1.fa.gz	GCA_051550615.1.fa.gz	1026508
ncbi/GCA_051557165.1.fa.gz	GCA_051557165.1.fa.gz	1025242
ncbi/GCA_051712885.1.fa.gz	GCA_051712885.1.fa.gz	991247
ncbi/GCA_051949185.1.fa.gz	GCA_051949185.1.fa.gz	603741
ncbi/GCA_051990715.1.fa.gz	GCA_051990715.1.fa.gz	998759
ncbi/GCA_052064905.1.fa.gz	GCA_052064905.1.fa.gz	965619
ncbi/GCA_052064955.1.fa.gz	GCA_052064955.1.fa.gz	923881
ncbi/GCA_052109995.1.fa.gz	GCA_052109995.1.fa.gz	574373
ncbi/GCA_052284685.1.fa.gz	GCA_052284685.1.fa.gz	469378
ncbi/GCA_052747875.1.fa.gz	GCA_052747875.1.fa.gz	582406
ncbi/GCA_052907325.1.fa.gz	GCA_052907325.1.fa.gz	578149
ncbi/GCA_052907405.1.fa.gz	GCA_052907405.1.fa.gz	936454
ncbi/GCA_053471085.1.fa.gz	GCA_053471085.1.fa.gz	608434
ncbi/GCA_053471705.1.fa.gz	GCA_053471705.1.fa.gz	574612
ncbi/GCA_053642955.1.fa.gz	GCA_053642955.1.fa.gz	698422
ncbi/GCA_053748695.1.fa.gz	GCA_053748695.1.fa.gz	1014685
ncbi/GCA_053749075.1.fa.gz	GCA_053749075.1.fa.gz	1033153
ncbi/GCA_053901865.1.fa.gz	GCA_053901865.1.fa.gz	622332
ncbi/GCA_054106205.1.fa.gz	GCA_054106205.1.fa.gz	655315
ncbi/GCA_054131685.1.fa.gz	GCA_054131685.1.fa.gz	887445
ncbi/GCA_054457255.1.fa.gz	GCA_054457255.1.fa.gz	995909
ncbi/GCA_054720645.1.fa.gz	GCA_054720645.1.fa.gz	887438
ncbi/GCA_054729175.1.fa.gz	GCA_054729175.1.fa.gz	603836
ncbi/GCA_054852885.1.fa.gz	GCA_054852885.1.fa.gz	658497
ncbi/GCA_054879955.1.fa.gz	GCA_054879955.1.fa.gz	677144
ncbi/GCA_054901215.1.fa.gz	GCA_054901215.1.fa.gz	658516
ncbi/GCA_054962495.1.fa.gz	GCA_054962495.1.fa.gz	614339
ncbi/GCA_055383495.1.fa.gz	GCA_055383495.1.fa.gz	712477
ncbi/GCA_055386965.1.fa.gz	GCA_055386965.1.fa.gz	654616
ncbi/GCA_055484615.1.fa.gz	GCA_055484615.1.fa.gz	971241
ncbi/GCA_055809795.1.fa.gz	GCA_055809795.1.fa.gz	1019561
ncbi/GCA_056172775.1.fa.gz	GCA_056172775.1.fa.gz	1061193
ncbi/GCA_900078525.1.fa.gz	GCA_900078525.1.fa.gz	986365
ncbi/GCA_900080205.1.fa.gz	GCA_900080205.1.fa.gz	984826
ncbi/GCA_900088425.1.fa.gz	GCA_900088425.1.fa.gz	798320
ncbi/GCA_900094135.1.fa.gz	GCA_900094135.1.fa.gz	513552
ncbi/GCA_900104835.1.fa.gz	GCA_900104835.1.fa.gz	720845
ncbi/GCA_900163585.1.fa.gz	GCA_900163585.1.fa.gz	573476
ncbi/GCA_900205745.1.fa.gz	GCA_900205745.1.fa.gz	619321
ncbi/GCA_900452495.1.fa.gz	GCA_900452495.1.fa.gz	754453
ncbi/GCA_900519135.1.fa.gz	GCA_900519135.1.fa.gz	652648
ncbi/GCA_900695425.1.fa.gz	GCA_900695425.1.fa.gz	991507
ncbi/GCA_901971765.1.fa.gz	GCA_901971765.1.fa.gz	623302
ncbi/GCA_901980275.1.fa.gz	GCA_901980275.1.fa.gz	710546
ncbi/GCA_902167885.1.fa.gz	GCA_902167885.1.fa.gz	833038
ncbi/GCA_925297675.1.fa.gz	GCA_925297675.1.fa.gz	713331
ncbi/GCA_925297865.1.fa.gz	GCA_925297865.1.fa.gz	777701
ncbi/GCA_947072755.1.fa.gz	GCA_947072755.1.fa.gz	692439
ncbi/GCA_948482305.1.fa.gz	GCA_948482305.1.fa.gz	758953
ncbi/GCA_948490115.1.fa.gz	GCA_948490115.1.fa.gz	597692
ncbi/GCA_948583985.1.fa.gz	GCA_948583985.1.fa.gz	507930
ncbi/GCA_948609125.1.fa.gz	GCA_948609125.1.fa.gz	299181
ncbi/GCA_948896075.1.fa.gz	GCA_948896075.1.fa.gz	474211
ncbi/GCA_948918825.1.fa.gz	GCA_948918825.1.fa.gz	601772
ncbi/GCA_949007965.1.fa.gz	GCA_949007965.1.fa.gz	441227
ncbi/GCA_949084435.1.fa.gz	GCA_949084435.1.fa.gz	418806
ncbi/GCA_949105495.1.fa.gz	GCA_949105495.1.fa.gz	359681
ncbi/GCA_949493175.1.fa.gz	GCA_949493175.1.fa.gz	856827
ncbi/GCA_959028405.1.fa.gz	GCA_959028405.1.fa.gz	870047
ncbi/GCA_964186795.1.fa.gz	GCA_964186795.1.fa.gz	1048465
ncbi/GCA_965136155.1.fa.gz	GCA_965136155.1.fa.gz	742198
ncbi/GCA_965286015.1.fa.gz	GCA_965286015.1.fa.gz	977110
ncbi/GCA_965286555.1.fa.gz	GCA_965286555.1.fa.gz	960908
ncbi/GCA_978042475.1.fa.gz	GCA_978042475.1.fa.gz	920359
ncbi/GCA_978043405.1.fa.gz	GCA_978043405.1.fa.gz	617097
ncbi/GCA_978044305.1.fa.gz	GCA_978044305.1.fa.gz	605946
ncbi/GCA_980648745.1.fa.gz	GCA_980648745.1.fa.gz	1006298
ncbi/GCA_982235515.1.fa.gz	GCA_982235515.1.fa.gz	1040688
ncbi/GCA_982332205.1.fa.gz	GCA_982332205.1.fa.gz	285823
ncbi/GCA_982400935.1.fa.gz	GCA_982400935.1.fa.gz	383152
ncbi/GCF_048009075.1.fa.gz	GCF_048009075.1.fa.gz	911034
ncbi/GCF_049942745.1.fa.gz	GCF_049942745.1.fa.gz	974069
ncbi/GCF_050017215.1.fa.gz	GCF_050017215.1.fa.gz	1012011
ncbi/GCF_050565525.1.fa.gz	GCF_050565525.1.fa.gz	668874
ncbi/GCF_050846705.1.fa.gz	GCF_050846705.1.fa.gz	676426
ncbi/GCF_051048205.1.fa.gz	GCF_051048205.1.fa.gz	733444
ncbi/GCF_051123815.1.fa.gz	GCF_051123815.1.fa.gz	872524
ncbi/GCF_051217015.1.fa.gz	GCF_051217015.1.fa.gz	1005256
ncbi/GCF_051388555.1.fa.gz	GCF_051388555.1.fa.gz	573564
ncbi/GCF_051388695.1.fa.gz	GCF_051388695.1.fa.gz	575661
ncbi/GCF_051388835.1.fa.gz	GCF_051388835.1.fa.gz	574046
ncbi/GCF_051391195.1.fa.gz	GCF_051391195.1.fa.gz	977964
ncbi/GCF_051712885.1.fa.gz	GCF_051712885.1.fa.gz	991247
ncbi/GCF_052064905.1.fa.gz	GCF_052064905.1.fa.gz	965619
ncbi/GCF_052064955.1.fa.gz	GCF_052064955.1.fa.gz	923881
ncbi/GCF_052747875.1.fa.gz	GCF_052747875.1.fa.gz	582406
ncbi/GCF_052907325.1.fa.gz	GCF_052907325.1.fa.gz	578149
ncbi/GCF_053471085.1.fa.gz	GCF_053471085.1.fa.gz	608434
ncbi/GCF_053471705.1.fa.gz	GCF_053471705.1.fa.gz	574612
ncbi/GCF_054131685.1.fa.gz	GCF_054131685.1.fa.gz	887445
ncbi/GCF_054189165.1.fa.gz	GCF_054189165.1.fa.gz	698747
ncbi/GCF_054604265.1.fa.gz	GCF_054604265.1.fa.gz	568509
ncbi/GCF_054720645.1.fa.gz	GCF_054720645.1.fa.gz	887438
ncbi/GCF_054729175.1.fa.gz	GCF_054729175.1.fa.gz	603836
ncbi/GCF_054901215.1.fa.gz	GCF_054901215.1.fa.gz	658516
ncbi/GCF_054962495.1.fa.gz	GCF_054962495.1.fa.gz	614339
ncbi/GCF_055383495.1.fa.gz	GCF_055383495.1.fa.gz	712477
ncbi/GCF_055386965.1.fa.gz	GCF_055386965.1.fa.gz	654616
ncbi/GCF_055484615.1.fa.gz	GCF_055484615.1.fa.gz	971241
ncbi/GCF_055809795.1.fa.gz	GCF_055809795.1.fa.gz	1019561
ncbi/GCF_965286015.1.fa.gz	GCF_965286015.1.fa.gz	977110
