strain_entity_id,n_genes,n_contigs,n_adjacencies
STRAIN_000001,1936,13,1923
STRAIN_000002,3571,172,3399
STRAIN_000004,3099,303,2796
STRAIN_000005,3083,297,2786
STRAIN_000006,2347,108,2239
STRAIN_000007,2558,51,2507
STRAIN_000008,2579,54,2525
STRAIN_000009,2546,50,2496
STRAIN_000010,2555,50,2505
STRAIN_000011,2558,56,2502
STRAIN_000013,1815,29,1786
STRAIN_000014,1815,30,1785
STRAIN_000015,1944,1,1943
STRAIN_000016,2860,76,2784
STRAIN_000017,1920,1,1919
STRAIN_000018,2017,11,2006
STRAIN_000019,2020,17,2003
STRAIN_000020,2128,123,2005
STRAIN_000021,2162,169,1993
STRAIN_000022,1815,15,1800
STRAIN_000023,1810,26,1784
STRAIN_000024,1977,1,1976
STRAIN_000025,3191,5,3186
STRAIN_000026,2241,27,2214
STRAIN_000027,2232,56,2176
STRAIN_000028,3471,2,3469
STRAIN_000029,1856,18,1838
STRAIN_000030,2460,1,2459
STRAIN_000031,2269,42,2227
STRAIN_000032,1535,168,1367
STRAIN_000033,2599,7,2592
STRAIN_000034,1972,1,1971
STRAIN_000035,3132,42,3090
STRAIN_000036,3069,29,3040
STRAIN_000037,3098,93,3005
STRAIN_000038,3591,210,3381
STRAIN_000039,2980,68,2912
STRAIN_000040,3167,105,3062
STRAIN_000041,3193,182,3011
STRAIN_000042,2977,101,2876
STRAIN_000044,1607,144,1463
STRAIN_000045,2235,1,2234
STRAIN_000046,2244,1,2243
STRAIN_000047,2237,1,2236
STRAIN_000048,2447,1,2446
STRAIN_000049,2240,1,2239
STRAIN_000050,2239,1,2238
STRAIN_000051,2243,1,2242
STRAIN_000052,2238,1,2237
STRAIN_000053,2242,1,2241
STRAIN_000054,2235,1,2234
STRAIN_000055,2243,1,2242
STRAIN_000056,2753,41,2712
STRAIN_000057,2773,8,2765
STRAIN_000060,3390,77,3313
STRAIN_000062,2030,1,2029
STRAIN_000063,2279,355,1924
STRAIN_000064,1949,16,1933
STRAIN_000066,3280,3,3277
STRAIN_000067,2852,331,2521
STRAIN_000068,3326,458,2868
STRAIN_000069,1943,233,1710
STRAIN_000070,2997,6,2991
STRAIN_000071,2015,112,1903
STRAIN_000072,2193,129,2064
STRAIN_000073,1958,96,1862
STRAIN_000074,1783,190,1593
STRAIN_000075,2115,218,1897
STRAIN_000077,1814,21,1793
STRAIN_000078,1915,33,1882
STRAIN_000079,2201,83,2118
STRAIN_000080,2373,52,2321
STRAIN_000081,2664,158,2506
STRAIN_000082,2193,230,1963
STRAIN_000083,1968,203,1765
STRAIN_000085,1585,154,1431
STRAIN_000086,2036,138,1898
STRAIN_000087,1800,290,1510
STRAIN_000090,2683,55,2628
STRAIN_000091,2717,14,2703
STRAIN_000092,3218,8,3210
STRAIN_000095,2002,97,1905
STRAIN_000096,4319,1,4318
STRAIN_000097,5681,1,5680
STRAIN_000098,2383,1,2382
STRAIN_000099,6303,3,6300
STRAIN_000100,1833,2,1831
STRAIN_000101,1888,1,1887
STRAIN_000102,2106,4,2102
STRAIN_000103,1975,3,1972
STRAIN_000104,4226,1,4225
STRAIN_000105,2580,1,2579
STRAIN_000106,4304,1,4303
STRAIN_000107,2026,1,2025
STRAIN_000108,2094,1,2093
STRAIN_000109,1683,1,1682
STRAIN_000110,4810,1,4809
STRAIN_000111,6607,7,6600
STRAIN_000112,2826,1,2825
STRAIN_000113,8498,1,8497
STRAIN_000114,1899,1,1898
STRAIN_000115,1899,1,1898
STRAIN_000116,4351,7,4344
STRAIN_000117,4786,1,4785
STRAIN_000118,1837,1,1836
STRAIN_000119,1920,1,1919
STRAIN_000120,1808,1,1807
STRAIN_000121,2032,2,2030
STRAIN_000122,2283,3,2280
STRAIN_000123,1956,3,1953
STRAIN_000124,1752,1,1751
STRAIN_000125,2850,2,2848
STRAIN_000126,2717,6,2711
STRAIN_000127,2209,1,2208
STRAIN_000128,4411,2,4409
STRAIN_000129,1983,1,1982
STRAIN_000130,4835,2,4833
STRAIN_000131,2949,1,2948
STRAIN_000132,2708,2,2706
STRAIN_000133,4672,1,4671
STRAIN_000134,2190,1,2189
STRAIN_000135,2564,1,2563
STRAIN_000136,3614,2,3612
STRAIN_000137,1582,1,1581
STRAIN_000138,1568,1,1567
STRAIN_000139,1571,1,1570
STRAIN_000140,2985,1,2984
STRAIN_000141,2288,1,2287
STRAIN_000142,6295,1,6294
STRAIN_000143,2148,1,2147
STRAIN_000144,2552,2,2550
STRAIN_000145,1570,1,1569
STRAIN_000146,4512,3,4509
STRAIN_000147,4352,2,4350
STRAIN_000148,3721,6,3715
STRAIN_000149,3010,1,3009
STRAIN_000150,2832,1,2831
STRAIN_000151,2874,2,2872
STRAIN_000152,3273,1,3272
STRAIN_000153,1916,1,1915
STRAIN_000154,2318,1,2317
STRAIN_000155,2024,1,2023
STRAIN_000156,1568,1,1567
STRAIN_000157,2577,1,2576
STRAIN_000158,2189,4,2185
STRAIN_000159,3018,9,3009
STRAIN_000160,6298,1,6297
STRAIN_000161,2207,9,2198
STRAIN_000162,3087,2,3085
STRAIN_000163,2035,39,1996
STRAIN_000164,3964,4,3960
STRAIN_000165,4258,1,4257
STRAIN_000166,4280,1,4279
STRAIN_000167,1815,9,1806
STRAIN_000168,2920,3,2917
STRAIN_000169,1993,43,1950
STRAIN_000170,1836,58,1778
STRAIN_000171,1956,21,1935
STRAIN_000172,2282,5,2277
STRAIN_000173,1968,24,1944
STRAIN_000174,2023,79,1944
STRAIN_000175,1787,1,1786
STRAIN_000176,2296,1,2295
STRAIN_000177,2425,25,2400
STRAIN_000178,1830,1,1829
STRAIN_000179,1831,1,1830
STRAIN_000180,2173,2,2171
STRAIN_000181,2776,2,2774
STRAIN_000182,5899,6,5893
STRAIN_000183,2049,2,2047
STRAIN_000184,1941,1,1940
STRAIN_000185,4422,78,4344
STRAIN_000186,5158,3,5155
STRAIN_000187,2277,2,2275
STRAIN_000188,1935,1,1934
STRAIN_000189,2495,6,2489
STRAIN_000190,3080,2,3078
STRAIN_000191,3002,2,3000
STRAIN_000193,2504,2,2502
STRAIN_000194,4969,2,4967
STRAIN_000195,3568,1,3567
STRAIN_000196,1952,1,1951
STRAIN_000197,2006,3,2003
STRAIN_000198,4039,1,4038
STRAIN_000199,3131,4,3127
STRAIN_000200,1953,1,1952
STRAIN_000201,2438,3,2435
STRAIN_000202,1952,3,1949
STRAIN_000203,1349,2,1347
STRAIN_000204,2040,1,2039
STRAIN_000205,1570,1,1569
STRAIN_000206,1565,1,1564
STRAIN_000207,2115,6,2109
STRAIN_000208,2086,47,2039
STRAIN_000209,2755,185,2570
STRAIN_000210,3957,1,3956
STRAIN_000211,2713,10,2703
STRAIN_000212,2053,3,2050
STRAIN_000213,2701,5,2696
STRAIN_000214,3008,10,2998
STRAIN_000215,2222,2,2220
STRAIN_000216,1998,1,1997
STRAIN_000217,1558,1,1557
STRAIN_000218,5436,2,5434
STRAIN_000219,1948,1,1947
STRAIN_000220,1792,1,1791
STRAIN_000221,2559,1,2558
STRAIN_000222,1568,1,1567
STRAIN_000223,1566,1,1565
STRAIN_000224,2228,1,2227
STRAIN_000225,2517,1,2516
STRAIN_000226,2218,7,2211
STRAIN_000227,1696,1,1695
STRAIN_000228,2761,1,2760
STRAIN_000229,2537,9,2528
STRAIN_000230,3160,2,3158
STRAIN_000231,4042,1,4041
STRAIN_000232,1788,137,1651
STRAIN_000233,3143,4,3139
STRAIN_000234,2285,1,2284
STRAIN_000235,4229,1,4228
STRAIN_000236,1761,1,1760
STRAIN_000237,3963,1,3962
STRAIN_000238,2569,10,2559
STRAIN_000239,3032,2,3030
STRAIN_000240,1870,1,1869
STRAIN_000241,3101,8,3093
STRAIN_000242,2031,1,2030
STRAIN_000243,3072,2,3070
STRAIN_000244,2039,7,2032
STRAIN_000245,3145,11,3134
STRAIN_000246,1570,1,1569
STRAIN_000247,3321,217,3104
STRAIN_000248,2664,1,2663
STRAIN_000249,3020,2,3018
STRAIN_000250,2417,1,2416
STRAIN_000251,1982,1,1981
STRAIN_000252,1846,26,1820
STRAIN_000253,2337,2,2335
STRAIN_000254,3994,592,3402
STRAIN_000255,2285,1,2284
STRAIN_000256,2503,83,2420
STRAIN_000257,1895,26,1869
STRAIN_000258,1620,1,1619
STRAIN_000259,1849,239,1610
STRAIN_000260,2748,142,2606
STRAIN_000261,2907,113,2794
STRAIN_000262,2514,2,2512
STRAIN_000263,2803,7,2796
STRAIN_000264,1756,1,1755
STRAIN_000265,2017,1,2016
STRAIN_000266,1927,115,1812
STRAIN_000267,2504,175,2329
STRAIN_000268,3261,161,3100
STRAIN_000269,1851,5,1846
STRAIN_000270,1888,4,1884
STRAIN_000271,1938,6,1932
STRAIN_000272,2025,1,2024
STRAIN_000273,1888,6,1882
STRAIN_000274,1897,1,1896
STRAIN_000275,1930,1,1929
STRAIN_000276,1904,7,1897
STRAIN_000277,2022,16,2006
STRAIN_000278,3029,5,3024
STRAIN_000279,1633,66,1567
STRAIN_000280,3083,177,2906
STRAIN_000281,3021,63,2958
STRAIN_000282,1568,1,1567
STRAIN_000283,1942,1,1941
STRAIN_000284,4213,1,4212
STRAIN_000285,4218,1,4217
STRAIN_000286,1634,8,1626
STRAIN_000287,4001,1,4000
STRAIN_000288,1910,21,1889
STRAIN_000289,2906,83,2823
STRAIN_000290,2105,21,2084
STRAIN_000291,2231,36,2195
STRAIN_000292,3168,32,3136
STRAIN_000293,2574,357,2217
STRAIN_000294,1758,1,1757
STRAIN_000295,1822,2,1820
STRAIN_000296,1950,8,1942
STRAIN_000297,1915,15,1900
STRAIN_000298,1645,12,1633
STRAIN_000299,2799,87,2712
STRAIN_000300,1929,36,1893
STRAIN_000301,3309,7,3302
STRAIN_000302,3096,3,3093
STRAIN_000303,1869,68,1801
STRAIN_000304,1848,49,1799
STRAIN_000305,1908,1,1907
STRAIN_000306,1693,1,1692
STRAIN_000307,2438,1,2437
STRAIN_000308,2708,9,2699
STRAIN_000309,1578,1,1577
STRAIN_000310,1581,1,1580
STRAIN_000311,4728,7,4721
STRAIN_000312,1760,1,1759
STRAIN_000313,1567,1,1566
STRAIN_000314,4203,1,4202
STRAIN_000315,2962,3,2959
STRAIN_000316,2906,3,2903
STRAIN_000317,1825,1,1824
STRAIN_000318,3256,44,3212
STRAIN_000319,3356,1,3355
STRAIN_000320,2623,77,2546
STRAIN_000321,1887,8,1879
STRAIN_000322,1969,15,1954
STRAIN_000323,2393,97,2296
STRAIN_000324,3478,1,3477
STRAIN_000325,3095,3,3092
STRAIN_000326,2749,69,2680
STRAIN_000327,1865,1,1864
STRAIN_000328,1812,6,1806
STRAIN_000329,3001,91,2910
STRAIN_000330,3127,172,2955
STRAIN_000332,2268,2,2266
STRAIN_000333,1849,1,1848
STRAIN_000334,1940,1,1939
STRAIN_000335,2823,66,2757
STRAIN_000336,3007,168,2839
STRAIN_000337,3096,11,3085
STRAIN_000338,2345,1,2344
STRAIN_000339,1941,1,1940
STRAIN_000340,3127,18,3109
STRAIN_000341,1857,55,1802
STRAIN_000342,1912,93,1819
STRAIN_000343,1951,30,1921
STRAIN_000344,2661,6,2655
STRAIN_000345,2814,19,2795
STRAIN_000346,1823,10,1813
STRAIN_000347,1982,9,1973
STRAIN_000348,1941,34,1907
STRAIN_000349,1827,1,1826
STRAIN_000350,1937,1,1936
STRAIN_000351,1712,1,1711
STRAIN_000352,1829,1,1828
STRAIN_000353,3533,1,3532
STRAIN_000354,2147,1,2146
STRAIN_000355,2019,127,1892
STRAIN_000356,2093,1,2092
STRAIN_000357,2857,159,2698
STRAIN_000358,2966,5,2961
STRAIN_000359,2958,1,2957
STRAIN_000360,1559,18,1541
STRAIN_000361,1556,18,1538
STRAIN_000362,3107,3,3104
STRAIN_000363,3034,1,3033
STRAIN_000364,2014,1,2013
STRAIN_000365,2205,1,2204
STRAIN_000366,1782,1,1781
STRAIN_000367,2111,2,2109
STRAIN_000368,1996,2,1994
STRAIN_000369,2960,1,2959
STRAIN_000370,2308,107,2201
STRAIN_000371,1865,83,1782
STRAIN_000372,3348,12,3336
STRAIN_000373,2247,1,2246
STRAIN_000374,3018,2,3016
STRAIN_000375,3753,23,3730
STRAIN_000376,2938,1,2937
STRAIN_000377,1985,72,1913
STRAIN_000378,3082,66,3016
STRAIN_000379,2764,138,2626
STRAIN_000380,2431,9,2422
STRAIN_000381,1896,28,1868
STRAIN_000382,2035,147,1888
STRAIN_000383,2763,37,2726
STRAIN_000384,2528,368,2160
STRAIN_000385,3035,14,3021
STRAIN_000386,1911,1,1910
STRAIN_000387,2067,1,2066
STRAIN_000388,3959,1,3958
STRAIN_000389,1913,1,1912
STRAIN_000390,3127,3,3124
STRAIN_000391,2862,1,2861
STRAIN_000392,1878,1,1877
STRAIN_000393,2462,46,2416
STRAIN_000394,2684,120,2564
STRAIN_000395,4013,1,4012
STRAIN_000396,2792,1,2791
STRAIN_000397,3065,4,3061
STRAIN_000398,2183,1,2182
STRAIN_000399,3020,56,2964
STRAIN_000400,3257,169,3088
STRAIN_000401,2736,47,2689
STRAIN_000402,4069,3,4066
STRAIN_000403,1984,44,1940
STRAIN_000404,3174,4,3170
STRAIN_000405,3307,6,3301
STRAIN_000406,3864,1,3863
STRAIN_000407,3225,165,3060
STRAIN_000408,1938,1,1937
STRAIN_000409,3156,1,3155
STRAIN_000410,2456,1,2455
STRAIN_000411,1897,1,1896
STRAIN_000412,4225,1,4224
STRAIN_000413,2204,1,2203
STRAIN_000414,4230,1,4229
STRAIN_000415,1996,1,1995
STRAIN_000416,2929,2,2927
STRAIN_000417,1827,1,1826
STRAIN_000418,3268,3,3265
STRAIN_000419,2898,1,2897
STRAIN_000420,2945,11,2934
STRAIN_000421,1959,1,1958
STRAIN_000422,2073,1,2072
STRAIN_000423,1905,1,1904
STRAIN_000424,2972,23,2949
STRAIN_000425,2198,1,2197
STRAIN_000426,4229,1,4228
STRAIN_000427,2932,91,2841
STRAIN_000428,2704,25,2679
STRAIN_000429,1857,1,1856
STRAIN_000430,1965,1,1964
STRAIN_000431,2876,6,2870
STRAIN_000432,3354,15,3339
STRAIN_000433,2815,188,2627
STRAIN_000434,3636,221,3415
STRAIN_000435,3224,32,3192
STRAIN_000436,2968,90,2878
STRAIN_000437,3010,29,2981
STRAIN_000438,3135,60,3075
STRAIN_000439,2223,14,2209
STRAIN_000440,3384,7,3377
STRAIN_000441,1886,21,1865
STRAIN_000443,2274,4,2270
STRAIN_000444,1911,25,1886
STRAIN_000445,1919,1,1918
STRAIN_000446,3193,67,3126
STRAIN_000447,2970,2,2968
STRAIN_000448,3297,7,3290
STRAIN_000449,2062,1,2061
STRAIN_000450,1900,1,1899
STRAIN_000451,3080,1,3079
STRAIN_000452,1950,1,1949
STRAIN_000453,2766,10,2756
STRAIN_000454,3016,2,3014
STRAIN_000455,1954,23,1931
STRAIN_000456,1632,2,1630
STRAIN_000457,2681,1,2680
STRAIN_000458,2587,9,2578
STRAIN_000459,2739,5,2734
STRAIN_000460,2435,7,2428
STRAIN_000461,2546,6,2540
STRAIN_000462,2751,7,2744
STRAIN_000463,2490,7,2483
STRAIN_000464,2475,4,2471
STRAIN_000465,2877,10,2867
STRAIN_000466,2770,6,2764
STRAIN_000467,2801,11,2790
STRAIN_000468,2710,8,2702
STRAIN_000469,2401,5,2396
STRAIN_000470,3156,4,3152
STRAIN_000471,2912,73,2839
STRAIN_000472,2609,21,2588
STRAIN_000473,2054,3,2051
STRAIN_000474,1695,19,1676
STRAIN_000475,2457,60,2397
STRAIN_000476,2212,1,2211
STRAIN_000477,2514,8,2506
STRAIN_000478,2875,1,2874
STRAIN_000479,3153,92,3061
STRAIN_000480,3233,64,3169
STRAIN_000481,4077,1,4076
STRAIN_000482,4065,1,4064
STRAIN_000483,2377,28,2349
STRAIN_000484,2929,1,2928
STRAIN_000485,2040,1,2039
STRAIN_000486,4080,1,4079
STRAIN_000487,4414,2,4412
STRAIN_000488,4106,1,4105
STRAIN_000489,2024,144,1880
STRAIN_000490,3009,2,3007
STRAIN_000491,1574,1,1573
STRAIN_000492,2856,1,2855
STRAIN_000493,1867,1,1866
STRAIN_000494,2812,164,2648
STRAIN_000495,2068,1,2067
STRAIN_000496,3237,64,3173
STRAIN_000497,2780,1,2779
STRAIN_000498,1649,1,1648
STRAIN_000499,1864,1,1863
STRAIN_000500,1955,1,1954
STRAIN_000501,3106,3,3103
STRAIN_000502,1864,3,1861
STRAIN_000503,2806,1,2805
STRAIN_000504,2796,6,2790
STRAIN_000505,2026,2,2024
STRAIN_000506,2725,25,2700
STRAIN_000507,2858,77,2781
STRAIN_000508,3047,83,2964
STRAIN_000509,2990,6,2984
STRAIN_000510,1934,1,1933
STRAIN_000511,3164,58,3106
STRAIN_000512,2339,13,2326
STRAIN_000513,2482,73,2409
STRAIN_000514,3110,5,3105
STRAIN_000515,2023,90,1933
STRAIN_000516,3473,1,3472
STRAIN_000517,2008,106,1902
STRAIN_000518,2068,108,1960
STRAIN_000519,1961,135,1826
STRAIN_000520,2298,1,2297
STRAIN_000521,2285,1,2284
STRAIN_000522,3016,2,3014
STRAIN_000523,1961,48,1913
STRAIN_000524,2174,1,2173
STRAIN_000525,1936,1,1935
STRAIN_000526,1831,1,1830
STRAIN_000527,1927,1,1926
STRAIN_000528,1917,1,1916
STRAIN_000529,2824,99,2725
STRAIN_000530,3082,135,2947
STRAIN_000531,2224,2,2222
STRAIN_000532,2404,2,2402
STRAIN_000533,2315,2,2313
STRAIN_000534,2960,1,2959
STRAIN_000535,3195,4,3191
STRAIN_000536,2233,1,2232
STRAIN_000537,3006,1,3005
STRAIN_000538,2183,56,2127
STRAIN_000539,2911,2,2909
STRAIN_000540,2934,1,2933
STRAIN_000541,3381,4,3377
STRAIN_000542,1983,21,1962
STRAIN_000543,3427,1,3426
STRAIN_000544,3118,1,3117
STRAIN_000545,2777,1,2776
STRAIN_000546,3027,25,3002
STRAIN_000547,3255,7,3248
STRAIN_000548,3022,29,2993
STRAIN_000549,1985,59,1926
STRAIN_000550,3198,87,3111
STRAIN_000551,2740,39,2701
STRAIN_000552,1983,52,1931
STRAIN_000553,2751,152,2599
STRAIN_000554,2723,44,2679
STRAIN_000555,2625,10,2615
STRAIN_000556,1873,33,1840
STRAIN_000557,2082,1,2081
STRAIN_000558,3243,8,3235
STRAIN_000559,2831,37,2794
STRAIN_000560,2827,38,2789
STRAIN_000561,1912,42,1870
STRAIN_000562,3014,2,3012
STRAIN_000563,3008,587,2421
STRAIN_000564,2507,180,2327
STRAIN_000565,2350,353,1997
STRAIN_000566,2363,155,2208
STRAIN_000567,2105,199,1906
STRAIN_000568,3000,1,2999
STRAIN_000569,2084,1,2083
STRAIN_000570,2972,3,2969
STRAIN_000571,3182,28,3154
STRAIN_000572,1831,1,1830
STRAIN_000573,3209,51,3158
STRAIN_000574,3069,44,3025
STRAIN_000575,2682,107,2575
STRAIN_000576,2002,125,1877
STRAIN_000577,3429,106,3323
STRAIN_000578,3208,80,3128
STRAIN_000579,3041,1,3040
STRAIN_000580,2774,1,2773
STRAIN_000581,1769,1,1768
STRAIN_000582,3276,6,3270
STRAIN_000583,3013,2,3011
STRAIN_000584,3024,4,3020
STRAIN_000585,1567,1,1566
STRAIN_000586,3208,6,3202
STRAIN_000587,2908,3,2905
STRAIN_000588,3168,4,3164
STRAIN_000589,1862,33,1829
STRAIN_000590,2889,5,2884
STRAIN_000591,3103,38,3065
STRAIN_000592,2034,57,1977
STRAIN_000593,2069,33,2036
STRAIN_000594,3319,76,3243
STRAIN_000595,2730,5,2725
STRAIN_000596,2521,332,2189
STRAIN_000597,2981,3,2978
STRAIN_000598,3152,5,3147
STRAIN_000599,2900,425,2475
STRAIN_000600,1788,1,1787
STRAIN_000601,1878,1,1877
STRAIN_000602,3069,3,3066
STRAIN_000603,3300,5,3295
STRAIN_000604,1600,54,1546
STRAIN_000605,3047,1,3046
STRAIN_000606,2811,5,2806
STRAIN_000607,3095,6,3089
STRAIN_000608,3135,7,3128
STRAIN_000609,3279,8,3271
STRAIN_000610,3500,1,3499
STRAIN_000611,3263,83,3180
STRAIN_000612,3272,71,3201
STRAIN_000613,3006,91,2915
STRAIN_000614,1814,21,1793
STRAIN_000615,1560,1,1559
STRAIN_000616,1851,1,1850
STRAIN_000617,3043,131,2912
STRAIN_000618,3045,130,2915
STRAIN_000619,3057,128,2929
STRAIN_000620,3041,123,2918
STRAIN_000621,3064,151,2913
STRAIN_000622,1871,1,1870
STRAIN_000623,3471,11,3460
STRAIN_000624,1766,25,1741
STRAIN_000625,2156,108,2048
STRAIN_000626,2655,80,2575
STRAIN_000627,3019,125,2894
STRAIN_000628,1874,1,1873
STRAIN_000629,2771,164,2607
STRAIN_000630,3292,189,3103
STRAIN_000631,2024,90,1934
STRAIN_000632,3413,1,3412
STRAIN_000633,2374,54,2320
STRAIN_000634,1864,20,1844
STRAIN_000635,2043,93,1950
STRAIN_000636,2462,89,2373
STRAIN_000637,2237,1,2236
STRAIN_000638,1925,1,1924
STRAIN_000639,2726,1,2725
STRAIN_000640,2488,3,2485
STRAIN_000641,2383,6,2377
STRAIN_000642,2579,51,2528
STRAIN_000643,2402,23,2379
STRAIN_000644,3042,2,3040
STRAIN_000645,2119,3,2116
STRAIN_000646,3083,2,3081
STRAIN_000647,2842,129,2713
STRAIN_000648,2503,319,2184
STRAIN_000649,2949,123,2826
STRAIN_000650,2733,188,2545
STRAIN_000651,2690,34,2656
STRAIN_000652,2733,118,2615
STRAIN_000653,2906,121,2785
STRAIN_000654,2921,2,2919
STRAIN_000655,2111,150,1961
STRAIN_000656,3054,47,3007
STRAIN_000657,2901,1,2900
STRAIN_000658,2075,1,2074
STRAIN_000659,2036,116,1920
STRAIN_000660,2215,1,2214
STRAIN_000661,3198,4,3194
STRAIN_000662,2011,1,2010
STRAIN_000663,3099,3,3096
STRAIN_000664,3123,2,3121
STRAIN_000665,3090,107,2983
STRAIN_000666,2871,7,2864
STRAIN_000667,3137,6,3131
STRAIN_000668,2441,87,2354
STRAIN_000669,3088,14,3074
STRAIN_000670,2016,28,1988
STRAIN_000671,3307,351,2956
STRAIN_000672,2250,1,2249
STRAIN_000673,1795,47,1748
STRAIN_000674,3150,45,3105
STRAIN_000675,3062,5,3057
STRAIN_000676,1745,15,1730
STRAIN_000677,1921,1,1920
STRAIN_000678,2193,1,2192
STRAIN_000679,2039,124,1915
STRAIN_000680,2290,367,1923
STRAIN_000681,1566,1,1565
STRAIN_000682,3064,53,3011
STRAIN_000683,3069,5,3064
STRAIN_000684,2898,30,2868
STRAIN_000685,3165,64,3101
STRAIN_000686,2044,1,2043
STRAIN_000687,2632,24,2608
STRAIN_000688,2994,144,2850
STRAIN_000689,2716,1,2715
STRAIN_000690,3011,3,3008
STRAIN_000691,3045,5,3040
STRAIN_000692,3067,382,2685
STRAIN_000693,2104,5,2099
STRAIN_000694,3153,3,3150
STRAIN_000695,1852,1,1851
STRAIN_000696,2791,5,2786
STRAIN_000697,2971,77,2894
STRAIN_000698,2976,76,2900
STRAIN_000699,3056,126,2930
STRAIN_000700,2995,77,2918
STRAIN_000701,3159,3,3156
STRAIN_000702,2862,108,2754
STRAIN_000703,3111,6,3105
STRAIN_000704,3034,2,3032
STRAIN_000705,2715,29,2686
STRAIN_000706,1927,1,1926
STRAIN_000707,2106,154,1952
STRAIN_000708,1765,11,1754
STRAIN_000709,2804,45,2759
STRAIN_000710,3096,3,3093
STRAIN_000711,2828,1,2827
STRAIN_000712,3073,1,3072
STRAIN_000713,3056,36,3020
STRAIN_000714,2741,138,2603
STRAIN_000715,3078,98,2980
STRAIN_000716,2996,37,2959
STRAIN_000717,1824,2,1822
STRAIN_000718,3285,14,3271
STRAIN_000719,1873,30,1843
STRAIN_000720,2117,6,2111
STRAIN_000721,4651,1,4650
STRAIN_000722,3150,6,3144
STRAIN_000723,3149,321,2828
STRAIN_000724,1892,83,1809
STRAIN_000725,1902,20,1882
STRAIN_000726,1972,1,1971
STRAIN_000727,3121,2,3119
STRAIN_000728,2774,174,2600
STRAIN_000729,2762,174,2588
STRAIN_000730,3039,1,3038
STRAIN_000731,2021,1,2020
STRAIN_000732,2074,1,2073
STRAIN_000733,2838,1,2837
STRAIN_000734,3125,2,3123
STRAIN_000735,1810,1,1809
STRAIN_000736,1792,1,1791
STRAIN_000737,1568,31,1537
STRAIN_000738,2656,1,2655
STRAIN_000739,2785,1,2784
STRAIN_000740,2768,1,2767
STRAIN_000741,3147,3,3144
STRAIN_000742,1989,90,1899
STRAIN_000743,1728,148,1580
STRAIN_000744,1720,27,1693
STRAIN_000745,1685,127,1558
STRAIN_000746,1992,96,1896
STRAIN_000747,2010,93,1917
STRAIN_000748,2436,4,2432
STRAIN_000749,2075,1,2074
STRAIN_000750,2749,52,2697
STRAIN_000751,1912,83,1829
STRAIN_000752,1886,10,1876
STRAIN_000753,3111,64,3047
STRAIN_000754,2593,2,2591
STRAIN_000755,3382,5,3377
STRAIN_000756,2112,1,2111
STRAIN_000757,2028,32,1996
STRAIN_000758,1943,1,1942
STRAIN_000759,2028,48,1980
STRAIN_000760,3416,15,3401
STRAIN_000761,1926,78,1848
STRAIN_000762,1932,77,1855
STRAIN_000763,2157,251,1906
STRAIN_000764,1721,1,1720
STRAIN_000765,2470,5,2465
STRAIN_000766,2033,292,1741
STRAIN_000767,1953,1,1952
STRAIN_000768,3003,26,2977
STRAIN_000769,1977,56,1921
STRAIN_000770,1865,43,1822
STRAIN_000771,1918,171,1747
STRAIN_000772,1842,43,1799
STRAIN_000773,1853,49,1804
STRAIN_000774,1820,33,1787
STRAIN_000775,1945,82,1863
STRAIN_000776,1936,71,1865
STRAIN_000777,3040,190,2850
STRAIN_000778,2617,203,2414
STRAIN_000779,2696,206,2490
STRAIN_000780,1950,1,1949
STRAIN_000781,4635,3,4632
STRAIN_000782,3034,1,3033
STRAIN_000783,1865,18,1847
STRAIN_000784,2563,87,2476
STRAIN_000785,3120,8,3112
STRAIN_000786,2100,1,2099
STRAIN_000787,2661,9,2652
STRAIN_000788,1579,1,1578
STRAIN_000789,2893,12,2881
STRAIN_000790,3158,60,3098
STRAIN_000791,3061,28,3033
STRAIN_000792,3100,33,3067
STRAIN_000793,2920,44,2876
STRAIN_000794,2442,4,2438
STRAIN_000795,2938,140,2798
STRAIN_000796,3155,7,3148
STRAIN_000797,3260,2,3258
STRAIN_000798,1983,1,1982
STRAIN_000799,3069,108,2961
STRAIN_000800,2774,1,2773
STRAIN_000801,1838,1,1837
STRAIN_000802,3159,10,3149
STRAIN_000803,3438,9,3429
STRAIN_000804,3635,486,3149
STRAIN_000805,1976,1,1975
STRAIN_000806,1929,45,1884
STRAIN_000807,3011,2,3009
STRAIN_000808,2299,3,2296
STRAIN_000809,1901,1,1900
STRAIN_000810,2209,1,2208
STRAIN_000811,1956,3,1953
STRAIN_000812,1948,2,1946
STRAIN_000813,1862,1,1861
STRAIN_000814,2754,4,2750
STRAIN_000815,2447,1,2446
STRAIN_000816,3089,2,3087
STRAIN_000817,3004,1,3003
STRAIN_000818,3109,160,2949
STRAIN_000819,2031,109,1922
STRAIN_000820,2612,161,2451
STRAIN_000821,3335,10,3325
STRAIN_000822,2172,226,1946
STRAIN_000823,1908,102,1806
STRAIN_000824,1866,92,1774
STRAIN_000825,2672,67,2605
STRAIN_000826,2652,68,2584
STRAIN_000827,2764,60,2704
STRAIN_000828,3397,89,3308
STRAIN_000829,3281,262,3019
STRAIN_000830,3032,56,2976
STRAIN_000831,3050,202,2848
STRAIN_000832,2698,426,2272
STRAIN_000833,1970,295,1675
STRAIN_000834,2892,259,2633
STRAIN_000835,1902,34,1868
STRAIN_000837,1920,45,1875
STRAIN_000838,2818,16,2802
STRAIN_000839,3108,1,3107
STRAIN_000840,1997,1,1996
STRAIN_000841,3282,7,3275
STRAIN_000842,3209,118,3091
STRAIN_000843,3127,148,2979
STRAIN_000844,3242,77,3165
STRAIN_000845,1797,7,1790
STRAIN_000846,3106,3,3103
STRAIN_000847,3124,164,2960
STRAIN_000848,3072,8,3064
STRAIN_000849,3079,1,3078
STRAIN_000850,3438,83,3355
STRAIN_000851,1814,36,1778
STRAIN_000852,1856,18,1838
STRAIN_000853,3193,144,3049
STRAIN_000854,3130,29,3101
STRAIN_000855,2722,45,2677
STRAIN_000856,2186,128,2058
STRAIN_000857,3012,22,2990
STRAIN_000858,2825,1,2824
STRAIN_000859,3001,3,2998
STRAIN_000860,2083,1,2082
STRAIN_000861,1854,1,1853
STRAIN_000862,3068,1,3067
STRAIN_000863,1824,106,1718
STRAIN_000864,3067,1,3066
STRAIN_000865,3084,2,3082
STRAIN_000866,1844,1,1843
STRAIN_000867,3110,1,3109
STRAIN_000868,3101,29,3072
STRAIN_000869,2628,27,2601
STRAIN_000870,1940,39,1901
STRAIN_000871,2052,1,2051
STRAIN_000872,2227,59,2168
STRAIN_000873,2800,105,2695
STRAIN_000874,2149,63,2086
STRAIN_000875,2119,2,2117
STRAIN_000876,1959,9,1950
STRAIN_000877,3154,3,3151
STRAIN_000878,2875,1,2874
STRAIN_000879,2791,2,2789
STRAIN_000880,1941,1,1940
STRAIN_000881,2192,2,2190
STRAIN_000882,3219,5,3214
STRAIN_000883,3099,42,3057
STRAIN_000884,3158,13,3145
STRAIN_000885,1866,1,1865
STRAIN_000886,2866,1,2865
STRAIN_000887,3037,4,3033
STRAIN_000888,3154,3,3151
STRAIN_000889,2007,29,1978
STRAIN_000890,1864,1,1863
STRAIN_000891,1999,1,1998
STRAIN_000892,1923,73,1850
STRAIN_000893,2450,1,2449
STRAIN_000894,1811,15,1796
STRAIN_000895,2239,3,2236
STRAIN_000896,1876,1,1875
STRAIN_000897,3429,98,3331
STRAIN_000898,2997,6,2991
STRAIN_000899,3169,4,3165
STRAIN_000900,1567,1,1566
STRAIN_000901,2124,165,1959
STRAIN_000902,3036,277,2759
STRAIN_000903,2620,21,2599
STRAIN_000904,2948,64,2884
STRAIN_000905,2063,1,2062
STRAIN_000906,3001,40,2961
STRAIN_000907,2219,5,2214
STRAIN_000908,3125,347,2778
STRAIN_000909,3033,2,3031
STRAIN_000910,2740,92,2648
STRAIN_000911,1937,95,1842
STRAIN_000912,2845,205,2640
STRAIN_000913,3160,4,3156
STRAIN_000914,2464,3,2461
STRAIN_000915,3059,6,3053
STRAIN_000916,2418,105,2313
STRAIN_000917,3003,88,2915
STRAIN_000918,2845,146,2699
STRAIN_000919,2726,132,2594
STRAIN_000920,3286,3,3283
STRAIN_000921,1974,1,1973
STRAIN_000922,1862,1,1861
STRAIN_000923,2078,4,2074
STRAIN_000924,2812,5,2807
STRAIN_000925,2752,58,2694
STRAIN_000926,2634,148,2486
STRAIN_000927,3230,119,3111
STRAIN_000928,3164,4,3160
STRAIN_000929,2793,175,2618
STRAIN_000930,2786,179,2607
STRAIN_000931,2024,1,2023
STRAIN_000932,3133,10,3123
STRAIN_000933,1875,15,1860
STRAIN_000934,1951,112,1839
STRAIN_000935,3276,10,3266
STRAIN_000936,2174,3,2171
STRAIN_000937,2172,3,2169
STRAIN_000938,3021,3,3018
STRAIN_000939,3074,87,2987
STRAIN_000940,2809,1,2808
STRAIN_000941,2249,138,2111
STRAIN_000942,3059,1,3058
STRAIN_000943,2823,1,2822
STRAIN_000944,2311,5,2306
STRAIN_000945,3232,32,3200
STRAIN_000946,3081,6,3075
STRAIN_000947,2847,5,2842
STRAIN_000948,1761,112,1649
STRAIN_000949,2871,4,2867
STRAIN_000950,1943,1,1942
STRAIN_000951,3105,86,3019
STRAIN_000952,2686,3,2683
STRAIN_000953,2005,1,2004
STRAIN_000955,1813,76,1737
STRAIN_000956,1992,250,1742
STRAIN_000957,3551,234,3317
STRAIN_000958,3361,197,3164
STRAIN_000959,3310,92,3218
STRAIN_000964,3018,71,2947
STRAIN_000967,2027,95,1932
STRAIN_000969,2212,130,2082
STRAIN_000970,3027,65,2962
STRAIN_000975,2300,339,1961
STRAIN_000976,3308,97,3211
STRAIN_000977,3235,4,3231
STRAIN_000979,1990,147,1843
STRAIN_000980,3222,9,3213
STRAIN_000985,3013,2,3011
STRAIN_000988,2305,56,2249
STRAIN_000989,3226,33,3193
STRAIN_000990,3295,42,3253
STRAIN_000991,2163,2,2161
STRAIN_000993,1956,1,1955
STRAIN_000994,3191,27,3164
STRAIN_000995,1573,1,1572
STRAIN_000998,2344,66,2278
STRAIN_001005,3267,51,3216
STRAIN_001006,3138,64,3074
STRAIN_001007,3101,40,3061
STRAIN_001008,2658,5,2653
STRAIN_001009,1818,1,1817
STRAIN_001010,2013,6,2007
STRAIN_001011,1884,81,1803
STRAIN_001012,2053,1,2052
STRAIN_001013,2576,2,2574
STRAIN_001014,3228,112,3116
STRAIN_001015,2183,173,2010
STRAIN_001016,2063,50,2013
STRAIN_001017,2567,1,2566
STRAIN_001018,3361,138,3223
STRAIN_001019,2428,14,2414
STRAIN_001021,3012,3,3009
STRAIN_001022,3004,113,2891
STRAIN_001023,2156,283,1873
STRAIN_001024,2058,82,1976
STRAIN_001025,3284,154,3130
